state,read,write,move,next_state
ADV_R1_D1,B,B,R,ADV_R1_D1
ADV_R1_D1,0,0,R,ADV_R1_D2
ADV_R1_D1,1,1,R,ADV_R1_D2
ADV_R1_D1,#,#,R,ADV_R1_D1
ADV_R1_D1,C0,C0,R,ADV_R1_D1
ADV_R1_D1,C1,C1,R,ADV_R1_D1
ADV_R1_D1,A0,A0,R,ADV_R1_D1
ADV_R1_D1,A1,A1,R,ADV_R1_D1
ADV_R1_D1,N,N,R,ADV_R1_D1
ADV_R1_D1,X,X,R,ADV_R1_D1
ADV_R1_D1,T,T,R,ADV_R1_D1
ADV_R1_D1,Z,Z,R,ADV_R1_D1
ADV_R1_D1,hL,hL,R,ADV_R1_D1
ADV_R1_D1,hb,hb,R,ADV_R1_D1
ADV_R1_D1,h0,h0,R,ADV_R1_D1
ADV_R1_D1,h1,h1,R,ADV_R1_D1
ADV_R1_D2,B,B,R,ADV_R1_D2
ADV_R1_D2,0,0,R,ADV_R1_NEXT
ADV_R1_D2,1,1,R,ADV_R1_NEXT
ADV_R1_D2,#,#,R,ADV_R1_D2
ADV_R1_D2,C0,C0,R,ADV_R1_D2
ADV_R1_D2,C1,C1,R,ADV_R1_D2
ADV_R1_D2,A0,A0,R,ADV_R1_D2
ADV_R1_D2,A1,A1,R,ADV_R1_D2
ADV_R1_D2,N,N,R,ADV_R1_D2
ADV_R1_D2,X,X,R,ADV_R1_D2
ADV_R1_D2,T,T,R,ADV_R1_D2
ADV_R1_D2,Z,Z,R,ADV_R1_D2
ADV_R1_D2,hL,hL,R,ADV_R1_D2
ADV_R1_D2,hb,hb,R,ADV_R1_D2
ADV_R1_D2,h0,h0,R,ADV_R1_D2
ADV_R1_D2,h1,h1,R,ADV_R1_D2
ADV_R1_NEXT,B,B,R,ADV_R1_NEXT
ADV_R1_NEXT,0,0,R,ADV_R2_W1
ADV_R1_NEXT,1,1,R,ADV_R1_NEXT
ADV_R1_NEXT,#,#,R,ADV_R1_NEXT
ADV_R1_NEXT,C0,C0,R,ADV_R1_NEXT
ADV_R1_NEXT,C1,C1,R,ADV_R1_NEXT
ADV_R1_NEXT,A0,A0,R,ADV_R1_NEXT
ADV_R1_NEXT,A1,A1,R,ADV_R1_NEXT
ADV_R1_NEXT,N,N,R,ADV_R1_NEXT
ADV_R1_NEXT,X,X,R,ADV_R1_NEXT
ADV_R1_NEXT,T,T,R,ADV_R2_W1
ADV_R1_NEXT,Z,Z,R,ADV_R2_W1
ADV_R1_NEXT,hL,hL,R,ADV_R1_NEXT
ADV_R1_NEXT,hb,hb,R,ADV_R1_NEXT
ADV_R1_NEXT,h0,h0,R,ADV_R1_NEXT
ADV_R1_NEXT,h1,h1,R,ADV_R1_NEXT
ADV_R1_W1,B,B,R,ADV_R1_W1
ADV_R1_W1,0,0,R,ADV_R1_W2
ADV_R1_W1,1,1,R,ADV_R1_W2
ADV_R1_W1,#,#,R,ADV_R1_W1
ADV_R1_W1,C0,C0,R,ADV_R1_W1
ADV_R1_W1,C1,C1,R,ADV_R1_W1
ADV_R1_W1,A0,A0,R,ADV_R1_W1
ADV_R1_W1,A1,A1,R,ADV_R1_W1
ADV_R1_W1,N,N,R,ADV_R1_W1
ADV_R1_W1,X,X,R,ADV_R1_W1
ADV_R1_W1,T,T,R,ADV_R1_W1
ADV_R1_W1,Z,Z,R,ADV_R1_W1
ADV_R1_W1,hL,hL,R,ADV_R1_W1
ADV_R1_W1,hb,hb,R,ADV_R1_W1
ADV_R1_W1,h0,h0,R,ADV_R1_W1
ADV_R1_W1,h1,h1,R,ADV_R1_W1
ADV_R1_W2,B,B,R,ADV_R1_W2
ADV_R1_W2,0,0,R,ADV_R1_D1
ADV_R1_W2,1,1,R,ADV_R1_D1
ADV_R1_W2,#,#,R,ADV_R1_W2
ADV_R1_W2,C0,C0,R,ADV_R1_W2
ADV_R1_W2,C1,C1,R,ADV_R1_W2
ADV_R1_W2,A0,A0,R,ADV_R1_W2
ADV_R1_W2,A1,A1,R,ADV_R1_W2
ADV_R1_W2,N,N,R,ADV_R1_W2
ADV_R1_W2,X,X,R,ADV_R1_W2
ADV_R1_W2,T,T,R,ADV_R1_W2
ADV_R1_W2,Z,Z,R,ADV_R1_W2
ADV_R1_W2,hL,hL,R,ADV_R1_W2
ADV_R1_W2,hb,hb,R,ADV_R1_W2
ADV_R1_W2,h0,h0,R,ADV_R1_W2
ADV_R1_W2,h1,h1,R,ADV_R1_W2
ADV_R2_D1,B,B,R,ADV_R2_D1
ADV_R2_D1,0,0,R,ADV_R2_D2
ADV_R2_D1,1,1,R,ADV_R2_D2
ADV_R2_D1,#,#,R,ADV_R2_D1
ADV_R2_D1,C0,C0,R,ADV_R2_D1
ADV_R2_D1,C1,C1,R,ADV_R2_D1
ADV_R2_D1,A0,A0,R,ADV_R2_D1
ADV_R2_D1,A1,A1,R,ADV_R2_D1
ADV_R2_D1,N,N,R,ADV_R2_D1
ADV_R2_D1,X,X,R,ADV_R2_D1
ADV_R2_D1,T,T,R,ADV_R2_D1
ADV_R2_D1,Z,Z,R,ADV_R2_D1
ADV_R2_D1,hL,hL,R,ADV_R2_D1
ADV_R2_D1,hb,hb,R,ADV_R2_D1
ADV_R2_D1,h0,h0,R,ADV_R2_D1
ADV_R2_D1,h1,h1,R,ADV_R2_D1
ADV_R2_D2,B,B,R,ADV_R2_D2
ADV_R2_D2,0,0,R,ADV_R2_NEXT
ADV_R2_D2,1,1,R,ADV_R2_NEXT
ADV_R2_D2,#,#,R,ADV_R2_D2
ADV_R2_D2,C0,C0,R,ADV_R2_D2
ADV_R2_D2,C1,C1,R,ADV_R2_D2
ADV_R2_D2,A0,A0,R,ADV_R2_D2
ADV_R2_D2,A1,A1,R,ADV_R2_D2
ADV_R2_D2,N,N,R,ADV_R2_D2
ADV_R2_D2,X,X,R,ADV_R2_D2
ADV_R2_D2,T,T,R,ADV_R2_D2
ADV_R2_D2,Z,Z,R,ADV_R2_D2
ADV_R2_D2,hL,hL,R,ADV_R2_D2
ADV_R2_D2,hb,hb,R,ADV_R2_D2
ADV_R2_D2,h0,h0,R,ADV_R2_D2
ADV_R2_D2,h1,h1,R,ADV_R2_D2
ADV_R2_NEXT,B,B,R,ADV_R2_NEXT
ADV_R2_NEXT,0,0,R,ADV_R3_W1
ADV_R2_NEXT,1,1,R,ADV_R2_NEXT
ADV_R2_NEXT,#,#,R,ADV_R2_NEXT
ADV_R2_NEXT,C0,C0,R,ADV_R2_NEXT
ADV_R2_NEXT,C1,C1,R,ADV_R2_NEXT
ADV_R2_NEXT,A0,A0,R,ADV_R2_NEXT
ADV_R2_NEXT,A1,A1,R,ADV_R2_NEXT
ADV_R2_NEXT,N,N,R,ADV_R2_NEXT
ADV_R2_NEXT,X,X,R,ADV_R2_NEXT
ADV_R2_NEXT,T,T,R,ADV_R3_W1
ADV_R2_NEXT,Z,Z,R,ADV_R3_W1
ADV_R2_NEXT,hL,hL,R,ADV_R2_NEXT
ADV_R2_NEXT,hb,hb,R,ADV_R2_NEXT
ADV_R2_NEXT,h0,h0,R,ADV_R2_NEXT
ADV_R2_NEXT,h1,h1,R,ADV_R2_NEXT
ADV_R2_W1,B,B,R,ADV_R2_W1
ADV_R2_W1,0,0,R,ADV_R2_W2
ADV_R2_W1,1,1,R,ADV_R2_W2
ADV_R2_W1,#,#,R,ADV_R2_W1
ADV_R2_W1,C0,C0,R,ADV_R2_W1
ADV_R2_W1,C1,C1,R,ADV_R2_W1
ADV_R2_W1,A0,A0,R,ADV_R2_W1
ADV_R2_W1,A1,A1,R,ADV_R2_W1
ADV_R2_W1,N,N,R,ADV_R2_W1
ADV_R2_W1,X,X,R,ADV_R2_W1
ADV_R2_W1,T,T,R,ADV_R2_W1
ADV_R2_W1,Z,Z,R,ADV_R2_W1
ADV_R2_W1,hL,hL,R,ADV_R2_W1
ADV_R2_W1,hb,hb,R,ADV_R2_W1
ADV_R2_W1,h0,h0,R,ADV_R2_W1
ADV_R2_W1,h1,h1,R,ADV_R2_W1
ADV_R2_W2,B,B,R,ADV_R2_W2
ADV_R2_W2,0,0,R,ADV_R2_D1
ADV_R2_W2,1,1,R,ADV_R2_D1
ADV_R2_W2,#,#,R,ADV_R2_W2
ADV_R2_W2,C0,C0,R,ADV_R2_W2
ADV_R2_W2,C1,C1,R,ADV_R2_W2
ADV_R2_W2,A0,A0,R,ADV_R2_W2
ADV_R2_W2,A1,A1,R,ADV_R2_W2
ADV_R2_W2,N,N,R,ADV_R2_W2
ADV_R2_W2,X,X,R,ADV_R2_W2
ADV_R2_W2,T,T,R,ADV_R2_W2
ADV_R2_W2,Z,Z,R,ADV_R2_W2
ADV_R2_W2,hL,hL,R,ADV_R2_W2
ADV_R2_W2,hb,hb,R,ADV_R2_W2
ADV_R2_W2,h0,h0,R,ADV_R2_W2
ADV_R2_W2,h1,h1,R,ADV_R2_W2
ADV_R3_D1,B,B,R,ADV_R3_D1
ADV_R3_D1,0,0,R,ADV_R3_D2
ADV_R3_D1,1,1,R,ADV_R3_D2
ADV_R3_D1,#,#,R,ADV_R3_D1
ADV_R3_D1,C0,C0,R,ADV_R3_D1
ADV_R3_D1,C1,C1,R,ADV_R3_D1
ADV_R3_D1,A0,A0,R,ADV_R3_D1
ADV_R3_D1,A1,A1,R,ADV_R3_D1
ADV_R3_D1,N,N,R,ADV_R3_D1
ADV_R3_D1,X,X,R,ADV_R3_D1
ADV_R3_D1,T,T,R,ADV_R3_D1
ADV_R3_D1,Z,Z,R,ADV_R3_D1
ADV_R3_D1,hL,hL,R,ADV_R3_D1
ADV_R3_D1,hb,hb,R,ADV_R3_D1
ADV_R3_D1,h0,h0,R,ADV_R3_D1
ADV_R3_D1,h1,h1,R,ADV_R3_D1
ADV_R3_D2,B,B,R,ADV_R3_D2
ADV_R3_D2,0,0,R,ADV_R3_NEXT
ADV_R3_D2,1,1,R,ADV_R3_NEXT
ADV_R3_D2,#,#,R,ADV_R3_D2
ADV_R3_D2,C0,C0,R,ADV_R3_D2
ADV_R3_D2,C1,C1,R,ADV_R3_D2
ADV_R3_D2,A0,A0,R,ADV_R3_D2
ADV_R3_D2,A1,A1,R,ADV_R3_D2
ADV_R3_D2,N,N,R,ADV_R3_D2
ADV_R3_D2,X,X,R,ADV_R3_D2
ADV_R3_D2,T,T,R,ADV_R3_D2
ADV_R3_D2,Z,Z,R,ADV_R3_D2
ADV_R3_D2,hL,hL,R,ADV_R3_D2
ADV_R3_D2,hb,hb,R,ADV_R3_D2
ADV_R3_D2,h0,h0,R,ADV_R3_D2
ADV_R3_D2,h1,h1,R,ADV_R3_D2
ADV_R3_NEXT,B,B,R,ADV_R3_NEXT
ADV_R3_NEXT,0,0,R,ADV_R4_W1
ADV_R3_NEXT,1,1,R,ADV_R3_NEXT
ADV_R3_NEXT,#,#,R,ADV_R3_NEXT
ADV_R3_NEXT,C0,C0,R,ADV_R3_NEXT
ADV_R3_NEXT,C1,C1,R,ADV_R3_NEXT
ADV_R3_NEXT,A0,A0,R,ADV_R3_NEXT
ADV_R3_NEXT,A1,A1,R,ADV_R3_NEXT
ADV_R3_NEXT,N,N,R,ADV_R3_NEXT
ADV_R3_NEXT,X,X,R,ADV_R3_NEXT
ADV_R3_NEXT,T,T,R,ADV_R4_W1
ADV_R3_NEXT,Z,Z,R,ADV_R4_W1
ADV_R3_NEXT,hL,hL,R,ADV_R3_NEXT
ADV_R3_NEXT,hb,hb,R,ADV_R3_NEXT
ADV_R3_NEXT,h0,h0,R,ADV_R3_NEXT
ADV_R3_NEXT,h1,h1,R,ADV_R3_NEXT
ADV_R3_W1,B,B,R,ADV_R3_W1
ADV_R3_W1,0,0,R,ADV_R3_W2
ADV_R3_W1,1,1,R,ADV_R3_W2
ADV_R3_W1,#,#,R,ADV_R3_W1
ADV_R3_W1,C0,C0,R,ADV_R3_W1
ADV_R3_W1,C1,C1,R,ADV_R3_W1
ADV_R3_W1,A0,A0,R,ADV_R3_W1
ADV_R3_W1,A1,A1,R,ADV_R3_W1
ADV_R3_W1,N,N,R,ADV_R3_W1
ADV_R3_W1,X,X,R,ADV_R3_W1
ADV_R3_W1,T,T,R,ADV_R3_W1
ADV_R3_W1,Z,Z,R,ADV_R3_W1
ADV_R3_W1,hL,hL,R,ADV_R3_W1
ADV_R3_W1,hb,hb,R,ADV_R3_W1
ADV_R3_W1,h0,h0,R,ADV_R3_W1
ADV_R3_W1,h1,h1,R,ADV_R3_W1
ADV_R3_W2,B,B,R,ADV_R3_W2
ADV_R3_W2,0,0,R,ADV_R3_D1
ADV_R3_W2,1,1,R,ADV_R3_D1
ADV_R3_W2,#,#,R,ADV_R3_W2
ADV_R3_W2,C0,C0,R,ADV_R3_W2
ADV_R3_W2,C1,C1,R,ADV_R3_W2
ADV_R3_W2,A0,A0,R,ADV_R3_W2
ADV_R3_W2,A1,A1,R,ADV_R3_W2
ADV_R3_W2,N,N,R,ADV_R3_W2
ADV_R3_W2,X,X,R,ADV_R3_W2
ADV_R3_W2,T,T,R,ADV_R3_W2
ADV_R3_W2,Z,Z,R,ADV_R3_W2
ADV_R3_W2,hL,hL,R,ADV_R3_W2
ADV_R3_W2,hb,hb,R,ADV_R3_W2
ADV_R3_W2,h0,h0,R,ADV_R3_W2
ADV_R3_W2,h1,h1,R,ADV_R3_W2
ADV_R4_D1,B,B,R,ADV_R4_D1
ADV_R4_D1,0,0,R,ADV_R4_D2
ADV_R4_D1,1,1,R,ADV_R4_D2
ADV_R4_D1,#,#,R,ADV_R4_D1
ADV_R4_D1,C0,C0,R,ADV_R4_D1
ADV_R4_D1,C1,C1,R,ADV_R4_D1
ADV_R4_D1,A0,A0,R,ADV_R4_D1
ADV_R4_D1,A1,A1,R,ADV_R4_D1
ADV_R4_D1,N,N,R,ADV_R4_D1
ADV_R4_D1,X,X,R,ADV_R4_D1
ADV_R4_D1,T,T,R,ADV_R4_D1
ADV_R4_D1,Z,Z,R,ADV_R4_D1
ADV_R4_D1,hL,hL,R,ADV_R4_D1
ADV_R4_D1,hb,hb,R,ADV_R4_D1
ADV_R4_D1,h0,h0,R,ADV_R4_D1
ADV_R4_D1,h1,h1,R,ADV_R4_D1
ADV_R4_D2,B,B,R,ADV_R4_D2
ADV_R4_D2,0,0,R,ADV_R4_NEXT
ADV_R4_D2,1,1,R,ADV_R4_NEXT
ADV_R4_D2,#,#,R,ADV_R4_D2
ADV_R4_D2,C0,C0,R,ADV_R4_D2
ADV_R4_D2,C1,C1,R,ADV_R4_D2
ADV_R4_D2,A0,A0,R,ADV_R4_D2
ADV_R4_D2,A1,A1,R,ADV_R4_D2
ADV_R4_D2,N,N,R,ADV_R4_D2
ADV_R4_D2,X,X,R,ADV_R4_D2
ADV_R4_D2,T,T,R,ADV_R4_D2
ADV_R4_D2,Z,Z,R,ADV_R4_D2
ADV_R4_D2,hL,hL,R,ADV_R4_D2
ADV_R4_D2,hb,hb,R,ADV_R4_D2
ADV_R4_D2,h0,h0,R,ADV_R4_D2
ADV_R4_D2,h1,h1,R,ADV_R4_D2
ADV_R4_NEXT,B,B,R,ADV_R4_NEXT
ADV_R4_NEXT,0,0,R,TARGET_MARK_NEXT_CANDIDATE
ADV_R4_NEXT,1,1,R,ADV_R4_NEXT
ADV_R4_NEXT,#,#,R,ADV_R4_NEXT
ADV_R4_NEXT,C0,C0,R,ADV_R4_NEXT
ADV_R4_NEXT,C1,C1,R,ADV_R4_NEXT
ADV_R4_NEXT,A0,A0,R,ADV_R4_NEXT
ADV_R4_NEXT,A1,A1,R,ADV_R4_NEXT
ADV_R4_NEXT,N,N,R,ADV_R4_NEXT
ADV_R4_NEXT,X,X,R,ADV_R4_NEXT
ADV_R4_NEXT,T,T,R,TARGET_MARK_NEXT_CANDIDATE
ADV_R4_NEXT,Z,Z,R,TARGET_MARK_NEXT_CANDIDATE
ADV_R4_NEXT,hL,hL,R,ADV_R4_NEXT
ADV_R4_NEXT,hb,hb,R,ADV_R4_NEXT
ADV_R4_NEXT,h0,h0,R,ADV_R4_NEXT
ADV_R4_NEXT,h1,h1,R,ADV_R4_NEXT
ADV_R4_W1,B,B,R,ADV_R4_W1
ADV_R4_W1,0,0,R,ADV_R4_W2
ADV_R4_W1,1,1,R,ADV_R4_W2
ADV_R4_W1,#,#,R,ADV_R4_W1
ADV_R4_W1,C0,C0,R,ADV_R4_W1
ADV_R4_W1,C1,C1,R,ADV_R4_W1
ADV_R4_W1,A0,A0,R,ADV_R4_W1
ADV_R4_W1,A1,A1,R,ADV_R4_W1
ADV_R4_W1,N,N,R,ADV_R4_W1
ADV_R4_W1,X,X,R,ADV_R4_W1
ADV_R4_W1,T,T,R,ADV_R4_W1
ADV_R4_W1,Z,Z,R,ADV_R4_W1
ADV_R4_W1,hL,hL,R,ADV_R4_W1
ADV_R4_W1,hb,hb,R,ADV_R4_W1
ADV_R4_W1,h0,h0,R,ADV_R4_W1
ADV_R4_W1,h1,h1,R,ADV_R4_W1
ADV_R4_W2,B,B,R,ADV_R4_W2
ADV_R4_W2,0,0,R,ADV_R4_D1
ADV_R4_W2,1,1,R,ADV_R4_D1
ADV_R4_W2,#,#,R,ADV_R4_W2
ADV_R4_W2,C0,C0,R,ADV_R4_W2
ADV_R4_W2,C1,C1,R,ADV_R4_W2
ADV_R4_W2,A0,A0,R,ADV_R4_W2
ADV_R4_W2,A1,A1,R,ADV_R4_W2
ADV_R4_W2,N,N,R,ADV_R4_W2
ADV_R4_W2,X,X,R,ADV_R4_W2
ADV_R4_W2,T,T,R,ADV_R4_W2
ADV_R4_W2,Z,Z,R,ADV_R4_W2
ADV_R4_W2,hL,hL,R,ADV_R4_W2
ADV_R4_W2,hb,hb,R,ADV_R4_W2
ADV_R4_W2,h0,h0,R,ADV_R4_W2
ADV_R4_W2,h1,h1,R,ADV_R4_W2
BACK_HASH_0,B,B,L,BACK_HASH_0
BACK_HASH_0,0,0,L,BACK_HASH_0
BACK_HASH_0,1,1,L,BACK_HASH_0
BACK_HASH_0,#,#,L,FIND_CURRENT_0
BACK_HASH_0,C0,C0,R,BACK_HASH_0
BACK_HASH_0,C1,C1,R,BACK_HASH_0
BACK_HASH_0,A0,A0,R,BACK_HASH_0
BACK_HASH_0,A1,A1,R,BACK_HASH_0
BACK_HASH_0,N,N,R,BACK_HASH_0
BACK_HASH_0,X,X,R,BACK_HASH_0
BACK_HASH_0,T,T,R,BACK_HASH_0
BACK_HASH_0,Z,Z,R,BACK_HASH_0
BACK_HASH_0,hL,hL,R,BACK_HASH_0
BACK_HASH_0,hb,hb,R,BACK_HASH_0
BACK_HASH_0,h0,h0,R,BACK_HASH_0
BACK_HASH_0,h1,h1,R,BACK_HASH_0
BACK_HASH_1,B,B,L,BACK_HASH_1
BACK_HASH_1,0,0,L,BACK_HASH_1
BACK_HASH_1,1,1,L,BACK_HASH_1
BACK_HASH_1,#,#,L,FIND_CURRENT_1
BACK_HASH_1,C0,C0,R,BACK_HASH_1
BACK_HASH_1,C1,C1,R,BACK_HASH_1
BACK_HASH_1,A0,A0,R,BACK_HASH_1
BACK_HASH_1,A1,A1,R,BACK_HASH_1
BACK_HASH_1,N,N,R,BACK_HASH_1
BACK_HASH_1,X,X,R,BACK_HASH_1
BACK_HASH_1,T,T,R,BACK_HASH_1
BACK_HASH_1,Z,Z,R,BACK_HASH_1
BACK_HASH_1,hL,hL,R,BACK_HASH_1
BACK_HASH_1,hb,hb,R,BACK_HASH_1
BACK_HASH_1,h0,h0,R,BACK_HASH_1
BACK_HASH_1,h1,h1,R,BACK_HASH_1
BACK_HASH_B,B,B,L,BACK_HASH_B
BACK_HASH_B,0,0,L,BACK_HASH_B
BACK_HASH_B,1,1,L,BACK_HASH_B
BACK_HASH_B,#,#,L,FIND_CURRENT_B
BACK_HASH_B,C0,C0,R,BACK_HASH_B
BACK_HASH_B,C1,C1,R,BACK_HASH_B
BACK_HASH_B,A0,A0,R,BACK_HASH_B
BACK_HASH_B,A1,A1,R,BACK_HASH_B
BACK_HASH_B,N,N,R,BACK_HASH_B
BACK_HASH_B,X,X,R,BACK_HASH_B
BACK_HASH_B,T,T,R,BACK_HASH_B
BACK_HASH_B,Z,Z,R,BACK_HASH_B
BACK_HASH_B,hL,hL,R,BACK_HASH_B
BACK_HASH_B,hb,hb,R,BACK_HASH_B
BACK_HASH_B,h0,h0,R,BACK_HASH_B
BACK_HASH_B,h1,h1,R,BACK_HASH_B
FETCH_DATA_FIND_HEAD,B,B,R,FETCH_DATA_FIND_HEAD
FETCH_DATA_FIND_HEAD,0,0,R,FETCH_DATA_FIND_HEAD
FETCH_DATA_FIND_HEAD,1,1,R,FETCH_DATA_FIND_HEAD
FETCH_DATA_FIND_HEAD,#,#,R,FETCH_DATA_FIND_HEAD
FETCH_DATA_FIND_HEAD,C0,C0,R,FETCH_DATA_FIND_HEAD
FETCH_DATA_FIND_HEAD,C1,C1,R,FETCH_DATA_FIND_HEAD
FETCH_DATA_FIND_HEAD,A0,A0,R,FETCH_DATA_FIND_HEAD
FETCH_DATA_FIND_HEAD,A1,A1,R,FETCH_DATA_FIND_HEAD
FETCH_DATA_FIND_HEAD,N,N,R,FETCH_DATA_FIND_HEAD
FETCH_DATA_FIND_HEAD,X,X,R,FETCH_DATA_FIND_HEAD
FETCH_DATA_FIND_HEAD,T,T,R,FETCH_DATA_FIND_HEAD
FETCH_DATA_FIND_HEAD,Z,Z,R,FETCH_DATA_FIND_HEAD
FETCH_DATA_FIND_HEAD,hL,hL,R,FETCH_DATA_FIND_HEAD
FETCH_DATA_FIND_HEAD,hb,hb,L,BACK_HASH_B
FETCH_DATA_FIND_HEAD,h0,h0,L,BACK_HASH_0
FETCH_DATA_FIND_HEAD,h1,h1,L,BACK_HASH_1
FIND_CURRENT_0,B,B,R,FIND_CURRENT_0
FIND_CURRENT_0,0,0,L,FIND_CURRENT_0
FIND_CURRENT_0,1,1,L,FIND_CURRENT_0
FIND_CURRENT_0,#,#,R,FIND_CURRENT_0
FIND_CURRENT_0,C0,C0,R,SKIP_0_2_W2
FIND_CURRENT_0,C1,C1,R,SKIP_0_2_W2
FIND_CURRENT_0,A0,A0,R,FIND_CURRENT_0
FIND_CURRENT_0,A1,A1,R,FIND_CURRENT_0
FIND_CURRENT_0,N,N,R,FIND_CURRENT_0
FIND_CURRENT_0,X,X,R,FIND_CURRENT_0
FIND_CURRENT_0,T,T,R,FIND_CURRENT_0
FIND_CURRENT_0,Z,Z,R,FIND_CURRENT_0
FIND_CURRENT_0,hL,hL,R,FIND_CURRENT_0
FIND_CURRENT_0,hb,hb,R,FIND_CURRENT_0
FIND_CURRENT_0,h0,h0,R,FIND_CURRENT_0
FIND_CURRENT_0,h1,h1,R,FIND_CURRENT_0
FIND_CURRENT_1,B,B,R,FIND_CURRENT_1
FIND_CURRENT_1,0,0,L,FIND_CURRENT_1
FIND_CURRENT_1,1,1,L,FIND_CURRENT_1
FIND_CURRENT_1,#,#,R,FIND_CURRENT_1
FIND_CURRENT_1,C0,C0,R,SKIP_1_3_W2
FIND_CURRENT_1,C1,C1,R,SKIP_1_3_W2
FIND_CURRENT_1,A0,A0,R,FIND_CURRENT_1
FIND_CURRENT_1,A1,A1,R,FIND_CURRENT_1
FIND_CURRENT_1,N,N,R,FIND_CURRENT_1
FIND_CURRENT_1,X,X,R,FIND_CURRENT_1
FIND_CURRENT_1,T,T,R,FIND_CURRENT_1
FIND_CURRENT_1,Z,Z,R,FIND_CURRENT_1
FIND_CURRENT_1,hL,hL,R,FIND_CURRENT_1
FIND_CURRENT_1,hb,hb,R,FIND_CURRENT_1
FIND_CURRENT_1,h0,h0,R,FIND_CURRENT_1
FIND_CURRENT_1,h1,h1,R,FIND_CURRENT_1
FIND_CURRENT_B,B,B,R,FIND_CURRENT_B
FIND_CURRENT_B,0,0,L,FIND_CURRENT_B
FIND_CURRENT_B,1,1,L,FIND_CURRENT_B
FIND_CURRENT_B,#,#,R,FIND_CURRENT_B
FIND_CURRENT_B,C0,C0,R,SKIP_B_1_W2
FIND_CURRENT_B,C1,C1,R,SKIP_B_1_W2
FIND_CURRENT_B,A0,A0,R,FIND_CURRENT_B
FIND_CURRENT_B,A1,A1,R,FIND_CURRENT_B
FIND_CURRENT_B,N,N,R,FIND_CURRENT_B
FIND_CURRENT_B,X,X,R,FIND_CURRENT_B
FIND_CURRENT_B,T,T,R,FIND_CURRENT_B
FIND_CURRENT_B,Z,Z,R,FIND_CURRENT_B
FIND_CURRENT_B,hL,hL,R,FIND_CURRENT_B
FIND_CURRENT_B,hb,hb,R,FIND_CURRENT_B
FIND_CURRENT_B,h0,h0,R,FIND_CURRENT_B
FIND_CURRENT_B,h1,h1,R,FIND_CURRENT_B
FIND_CURRENT_L,B,B,R,FIND_CURRENT_L
FIND_CURRENT_L,0,0,L,FIND_CURRENT_L
FIND_CURRENT_L,1,1,L,FIND_CURRENT_L
FIND_CURRENT_L,#,#,R,FIND_CURRENT_L
FIND_CURRENT_L,C0,C0,R,SELECT_W2_L_0
FIND_CURRENT_L,C1,C1,R,SELECT_W2_L_1
FIND_CURRENT_L,A0,A0,R,FIND_CURRENT_L
FIND_CURRENT_L,A1,A1,R,FIND_CURRENT_L
FIND_CURRENT_L,N,N,R,FIND_CURRENT_L
FIND_CURRENT_L,X,X,R,FIND_CURRENT_L
FIND_CURRENT_L,T,T,R,FIND_CURRENT_L
FIND_CURRENT_L,Z,Z,R,FIND_CURRENT_L
FIND_CURRENT_L,hL,hL,R,FIND_CURRENT_L
FIND_CURRENT_L,hb,hb,R,FIND_CURRENT_L
FIND_CURRENT_L,h0,h0,R,FIND_CURRENT_L
FIND_CURRENT_L,h1,h1,R,FIND_CURRENT_L
GO_HASH_0_L,B,B,R,GO_HASH_0_L
GO_HASH_0_L,0,0,R,GO_HASH_0_L
GO_HASH_0_L,1,1,R,GO_HASH_0_L
GO_HASH_0_L,#,#,R,UPDATE_FIND_0_L
GO_HASH_0_L,C0,C0,R,GO_HASH_0_L
GO_HASH_0_L,C1,C1,R,GO_HASH_0_L
GO_HASH_0_L,A0,A0,R,GO_HASH_0_L
GO_HASH_0_L,A1,A1,R,GO_HASH_0_L
GO_HASH_0_L,N,N,R,GO_HASH_0_L
GO_HASH_0_L,X,X,R,GO_HASH_0_L
GO_HASH_0_L,T,T,R,GO_HASH_0_L
GO_HASH_0_L,Z,Z,R,GO_HASH_0_L
GO_HASH_0_L,hL,hL,R,GO_HASH_0_L
GO_HASH_0_L,hb,hb,R,GO_HASH_0_L
GO_HASH_0_L,h0,h0,R,GO_HASH_0_L
GO_HASH_0_L,h1,h1,R,GO_HASH_0_L
GO_HASH_0_R,B,B,R,GO_HASH_0_R
GO_HASH_0_R,0,0,R,GO_HASH_0_R
GO_HASH_0_R,1,1,R,GO_HASH_0_R
GO_HASH_0_R,#,#,R,UPDATE_FIND_0_R
GO_HASH_0_R,C0,C0,R,GO_HASH_0_R
GO_HASH_0_R,C1,C1,R,GO_HASH_0_R
GO_HASH_0_R,A0,A0,R,GO_HASH_0_R
GO_HASH_0_R,A1,A1,R,GO_HASH_0_R
GO_HASH_0_R,N,N,R,GO_HASH_0_R
GO_HASH_0_R,X,X,R,GO_HASH_0_R
GO_HASH_0_R,T,T,R,GO_HASH_0_R
GO_HASH_0_R,Z,Z,R,GO_HASH_0_R
GO_HASH_0_R,hL,hL,R,GO_HASH_0_R
GO_HASH_0_R,hb,hb,R,GO_HASH_0_R
GO_HASH_0_R,h0,h0,R,GO_HASH_0_R
GO_HASH_0_R,h1,h1,R,GO_HASH_0_R
GO_HASH_0_S,B,B,R,GO_HASH_0_S
GO_HASH_0_S,0,0,R,GO_HASH_0_S
GO_HASH_0_S,1,1,R,GO_HASH_0_S
GO_HASH_0_S,#,#,R,UPDATE_FIND_0_S
GO_HASH_0_S,C0,C0,R,GO_HASH_0_S
GO_HASH_0_S,C1,C1,R,GO_HASH_0_S
GO_HASH_0_S,A0,A0,R,GO_HASH_0_S
GO_HASH_0_S,A1,A1,R,GO_HASH_0_S
GO_HASH_0_S,N,N,R,GO_HASH_0_S
GO_HASH_0_S,X,X,R,GO_HASH_0_S
GO_HASH_0_S,T,T,R,GO_HASH_0_S
GO_HASH_0_S,Z,Z,R,GO_HASH_0_S
GO_HASH_0_S,hL,hL,R,GO_HASH_0_S
GO_HASH_0_S,hb,hb,R,GO_HASH_0_S
GO_HASH_0_S,h0,h0,R,GO_HASH_0_S
GO_HASH_0_S,h1,h1,R,GO_HASH_0_S
GO_HASH_1_L,B,B,R,GO_HASH_1_L
GO_HASH_1_L,0,0,R,GO_HASH_1_L
GO_HASH_1_L,1,1,R,GO_HASH_1_L
GO_HASH_1_L,#,#,R,UPDATE_FIND_1_L
GO_HASH_1_L,C0,C0,R,GO_HASH_1_L
GO_HASH_1_L,C1,C1,R,GO_HASH_1_L
GO_HASH_1_L,A0,A0,R,GO_HASH_1_L
GO_HASH_1_L,A1,A1,R,GO_HASH_1_L
GO_HASH_1_L,N,N,R,GO_HASH_1_L
GO_HASH_1_L,X,X,R,GO_HASH_1_L
GO_HASH_1_L,T,T,R,GO_HASH_1_L
GO_HASH_1_L,Z,Z,R,GO_HASH_1_L
GO_HASH_1_L,hL,hL,R,GO_HASH_1_L
GO_HASH_1_L,hb,hb,R,GO_HASH_1_L
GO_HASH_1_L,h0,h0,R,GO_HASH_1_L
GO_HASH_1_L,h1,h1,R,GO_HASH_1_L
GO_HASH_1_R,B,B,R,GO_HASH_1_R
GO_HASH_1_R,0,0,R,GO_HASH_1_R
GO_HASH_1_R,1,1,R,GO_HASH_1_R
GO_HASH_1_R,#,#,R,UPDATE_FIND_1_R
GO_HASH_1_R,C0,C0,R,GO_HASH_1_R
GO_HASH_1_R,C1,C1,R,GO_HASH_1_R
GO_HASH_1_R,A0,A0,R,GO_HASH_1_R
GO_HASH_1_R,A1,A1,R,GO_HASH_1_R
GO_HASH_1_R,N,N,R,GO_HASH_1_R
GO_HASH_1_R,X,X,R,GO_HASH_1_R
GO_HASH_1_R,T,T,R,GO_HASH_1_R
GO_HASH_1_R,Z,Z,R,GO_HASH_1_R
GO_HASH_1_R,hL,hL,R,GO_HASH_1_R
GO_HASH_1_R,hb,hb,R,GO_HASH_1_R
GO_HASH_1_R,h0,h0,R,GO_HASH_1_R
GO_HASH_1_R,h1,h1,R,GO_HASH_1_R
GO_HASH_1_S,B,B,R,GO_HASH_1_S
GO_HASH_1_S,0,0,R,GO_HASH_1_S
GO_HASH_1_S,1,1,R,GO_HASH_1_S
GO_HASH_1_S,#,#,R,UPDATE_FIND_1_S
GO_HASH_1_S,C0,C0,R,GO_HASH_1_S
GO_HASH_1_S,C1,C1,R,GO_HASH_1_S
GO_HASH_1_S,A0,A0,R,GO_HASH_1_S
GO_HASH_1_S,A1,A1,R,GO_HASH_1_S
GO_HASH_1_S,N,N,R,GO_HASH_1_S
GO_HASH_1_S,X,X,R,GO_HASH_1_S
GO_HASH_1_S,T,T,R,GO_HASH_1_S
GO_HASH_1_S,Z,Z,R,GO_HASH_1_S
GO_HASH_1_S,hL,hL,R,GO_HASH_1_S
GO_HASH_1_S,hb,hb,R,GO_HASH_1_S
GO_HASH_1_S,h0,h0,R,GO_HASH_1_S
GO_HASH_1_S,h1,h1,R,GO_HASH_1_S
GO_HASH_B_L,B,B,R,GO_HASH_B_L
GO_HASH_B_L,0,0,R,GO_HASH_B_L
GO_HASH_B_L,1,1,R,GO_HASH_B_L
GO_HASH_B_L,#,#,R,UPDATE_FIND_B_L
GO_HASH_B_L,C0,C0,R,GO_HASH_B_L
GO_HASH_B_L,C1,C1,R,GO_HASH_B_L
GO_HASH_B_L,A0,A0,R,GO_HASH_B_L
GO_HASH_B_L,A1,A1,R,GO_HASH_B_L
GO_HASH_B_L,N,N,R,GO_HASH_B_L
GO_HASH_B_L,X,X,R,GO_HASH_B_L
GO_HASH_B_L,T,T,R,GO_HASH_B_L
GO_HASH_B_L,Z,Z,R,GO_HASH_B_L
GO_HASH_B_L,hL,hL,R,GO_HASH_B_L
GO_HASH_B_L,hb,hb,R,GO_HASH_B_L
GO_HASH_B_L,h0,h0,R,GO_HASH_B_L
GO_HASH_B_L,h1,h1,R,GO_HASH_B_L
GO_HASH_B_R,B,B,R,GO_HASH_B_R
GO_HASH_B_R,0,0,R,GO_HASH_B_R
GO_HASH_B_R,1,1,R,GO_HASH_B_R
GO_HASH_B_R,#,#,R,UPDATE_FIND_B_R
GO_HASH_B_R,C0,C0,R,GO_HASH_B_R
GO_HASH_B_R,C1,C1,R,GO_HASH_B_R
GO_HASH_B_R,A0,A0,R,GO_HASH_B_R
GO_HASH_B_R,A1,A1,R,GO_HASH_B_R
GO_HASH_B_R,N,N,R,GO_HASH_B_R
GO_HASH_B_R,X,X,R,GO_HASH_B_R
GO_HASH_B_R,T,T,R,GO_HASH_B_R
GO_HASH_B_R,Z,Z,R,GO_HASH_B_R
GO_HASH_B_R,hL,hL,R,GO_HASH_B_R
GO_HASH_B_R,hb,hb,R,GO_HASH_B_R
GO_HASH_B_R,h0,h0,R,GO_HASH_B_R
GO_HASH_B_R,h1,h1,R,GO_HASH_B_R
GO_HASH_B_S,B,B,R,GO_HASH_B_S
GO_HASH_B_S,0,0,R,GO_HASH_B_S
GO_HASH_B_S,1,1,R,GO_HASH_B_S
GO_HASH_B_S,#,#,R,UPDATE_FIND_B_S
GO_HASH_B_S,C0,C0,R,GO_HASH_B_S
GO_HASH_B_S,C1,C1,R,GO_HASH_B_S
GO_HASH_B_S,A0,A0,R,GO_HASH_B_S
GO_HASH_B_S,A1,A1,R,GO_HASH_B_S
GO_HASH_B_S,N,N,R,GO_HASH_B_S
GO_HASH_B_S,X,X,R,GO_HASH_B_S
GO_HASH_B_S,T,T,R,GO_HASH_B_S
GO_HASH_B_S,Z,Z,R,GO_HASH_B_S
GO_HASH_B_S,hL,hL,R,GO_HASH_B_S
GO_HASH_B_S,hb,hb,R,GO_HASH_B_S
GO_HASH_B_S,h0,h0,R,GO_HASH_B_S
GO_HASH_B_S,h1,h1,R,GO_HASH_B_S
GO_HASH_L_L,B,B,R,GO_HASH_L_L
GO_HASH_L_L,0,0,R,GO_HASH_L_L
GO_HASH_L_L,1,1,R,GO_HASH_L_L
GO_HASH_L_L,#,#,R,GO_HASH_L_L
GO_HASH_L_L,C0,C0,R,GO_HASH_L_L
GO_HASH_L_L,C1,C1,R,GO_HASH_L_L
GO_HASH_L_L,A0,A0,R,GO_HASH_L_L
GO_HASH_L_L,A1,A1,R,GO_HASH_L_L
GO_HASH_L_L,N,N,R,GO_HASH_L_L
GO_HASH_L_L,X,X,R,GO_HASH_L_L
GO_HASH_L_L,T,T,R,GO_HASH_L_L
GO_HASH_L_L,Z,Z,R,GO_HASH_L_L
GO_HASH_L_L,hL,hL,L,RESOLVE_NEXT
GO_HASH_L_L,hb,hb,R,GO_HASH_L_L
GO_HASH_L_L,h0,h0,R,GO_HASH_L_L
GO_HASH_L_L,h1,h1,R,GO_HASH_L_L
GO_HASH_L_R,B,B,R,GO_HASH_L_R
GO_HASH_L_R,0,0,R,GO_HASH_L_R
GO_HASH_L_R,1,1,R,GO_HASH_L_R
GO_HASH_L_R,#,#,R,GO_HASH_L_R
GO_HASH_L_R,C0,C0,R,GO_HASH_L_R
GO_HASH_L_R,C1,C1,R,GO_HASH_L_R
GO_HASH_L_R,A0,A0,R,GO_HASH_L_R
GO_HASH_L_R,A1,A1,R,GO_HASH_L_R
GO_HASH_L_R,N,N,R,GO_HASH_L_R
GO_HASH_L_R,X,X,R,GO_HASH_L_R
GO_HASH_L_R,T,T,R,GO_HASH_L_R
GO_HASH_L_R,Z,Z,R,GO_HASH_L_R
GO_HASH_L_R,hL,#,R,MARK_RIGHT_HEAD
GO_HASH_L_R,hb,hb,R,GO_HASH_L_R
GO_HASH_L_R,h0,h0,R,GO_HASH_L_R
GO_HASH_L_R,h1,h1,R,GO_HASH_L_R
GO_HASH_L_S,B,B,R,GO_HASH_L_S
GO_HASH_L_S,0,0,R,GO_HASH_L_S
GO_HASH_L_S,1,1,R,GO_HASH_L_S
GO_HASH_L_S,#,#,R,GO_HASH_L_S
GO_HASH_L_S,C0,C0,R,GO_HASH_L_S
GO_HASH_L_S,C1,C1,R,GO_HASH_L_S
GO_HASH_L_S,A0,A0,R,GO_HASH_L_S
GO_HASH_L_S,A1,A1,R,GO_HASH_L_S
GO_HASH_L_S,N,N,R,GO_HASH_L_S
GO_HASH_L_S,X,X,R,GO_HASH_L_S
GO_HASH_L_S,T,T,R,GO_HASH_L_S
GO_HASH_L_S,Z,Z,R,GO_HASH_L_S
GO_HASH_L_S,hL,hL,L,RESOLVE_NEXT
GO_HASH_L_S,hb,hb,R,GO_HASH_L_S
GO_HASH_L_S,h0,h0,R,GO_HASH_L_S
GO_HASH_L_S,h1,h1,R,GO_HASH_L_S
HALT_TO_BOUNDARY,B,B,R,HALT_TO_BOUNDARY
HALT_TO_BOUNDARY,0,0,R,HALT_TO_BOUNDARY
HALT_TO_BOUNDARY,1,1,R,HALT_TO_BOUNDARY
HALT_TO_BOUNDARY,#,#,S,HALT
HALT_TO_BOUNDARY,C0,C0,R,HALT_TO_BOUNDARY
HALT_TO_BOUNDARY,C1,C1,R,HALT_TO_BOUNDARY
HALT_TO_BOUNDARY,A0,A0,R,HALT_TO_BOUNDARY
HALT_TO_BOUNDARY,A1,A1,R,HALT_TO_BOUNDARY
HALT_TO_BOUNDARY,N,N,R,HALT_TO_BOUNDARY
HALT_TO_BOUNDARY,X,X,R,HALT_TO_BOUNDARY
HALT_TO_BOUNDARY,T,T,R,HALT_TO_BOUNDARY
HALT_TO_BOUNDARY,Z,Z,R,HALT_TO_BOUNDARY
HALT_TO_BOUNDARY,hL,#,S,HALT
HALT_TO_BOUNDARY,hb,hb,R,HALT_TO_BOUNDARY
HALT_TO_BOUNDARY,h0,h0,R,HALT_TO_BOUNDARY
HALT_TO_BOUNDARY,h1,h1,R,HALT_TO_BOUNDARY
INIT_FIND_PROGRAM_LEFT,B,B,R,INIT_MARK_STATE0
INIT_FIND_PROGRAM_LEFT,0,0,L,INIT_FIND_PROGRAM_LEFT
INIT_FIND_PROGRAM_LEFT,1,1,L,INIT_FIND_PROGRAM_LEFT
INIT_FIND_PROGRAM_LEFT,#,#,R,INIT_FIND_PROGRAM_LEFT
INIT_FIND_PROGRAM_LEFT,C0,C0,R,INIT_FIND_PROGRAM_LEFT
INIT_FIND_PROGRAM_LEFT,C1,C1,R,INIT_FIND_PROGRAM_LEFT
INIT_FIND_PROGRAM_LEFT,A0,A0,R,INIT_FIND_PROGRAM_LEFT
INIT_FIND_PROGRAM_LEFT,A1,A1,R,INIT_FIND_PROGRAM_LEFT
INIT_FIND_PROGRAM_LEFT,N,N,R,INIT_FIND_PROGRAM_LEFT
INIT_FIND_PROGRAM_LEFT,X,X,R,INIT_FIND_PROGRAM_LEFT
INIT_FIND_PROGRAM_LEFT,T,T,R,INIT_FIND_PROGRAM_LEFT
INIT_FIND_PROGRAM_LEFT,Z,Z,R,INIT_FIND_PROGRAM_LEFT
INIT_FIND_PROGRAM_LEFT,hL,hL,R,INIT_FIND_PROGRAM_LEFT
INIT_FIND_PROGRAM_LEFT,hb,hb,R,INIT_FIND_PROGRAM_LEFT
INIT_FIND_PROGRAM_LEFT,h0,h0,R,INIT_FIND_PROGRAM_LEFT
INIT_FIND_PROGRAM_LEFT,h1,h1,R,INIT_FIND_PROGRAM_LEFT
INIT_MARK_STATE0,B,B,R,INIT_MARK_STATE0
INIT_MARK_STATE0,0,C0,R,INIT_SEEK_HASH
INIT_MARK_STATE0,1,C1,R,INIT_SEEK_HASH
INIT_MARK_STATE0,#,#,R,INIT_MARK_STATE0
INIT_MARK_STATE0,C0,C0,R,INIT_MARK_STATE0
INIT_MARK_STATE0,C1,C1,R,INIT_MARK_STATE0
INIT_MARK_STATE0,A0,A0,R,INIT_MARK_STATE0
INIT_MARK_STATE0,A1,A1,R,INIT_MARK_STATE0
INIT_MARK_STATE0,N,N,R,INIT_MARK_STATE0
INIT_MARK_STATE0,X,X,R,INIT_MARK_STATE0
INIT_MARK_STATE0,T,T,R,INIT_MARK_STATE0
INIT_MARK_STATE0,Z,Z,R,INIT_MARK_STATE0
INIT_MARK_STATE0,hL,hL,R,INIT_MARK_STATE0
INIT_MARK_STATE0,hb,hb,R,INIT_MARK_STATE0
INIT_MARK_STATE0,h0,h0,R,INIT_MARK_STATE0
INIT_MARK_STATE0,h1,h1,R,INIT_MARK_STATE0
INIT_SEEK_HASH,B,B,R,INIT_SEEK_HASH
INIT_SEEK_HASH,0,0,R,INIT_SEEK_HASH
INIT_SEEK_HASH,1,1,R,INIT_SEEK_HASH
INIT_SEEK_HASH,#,#,R,INIT_SEEK_HASH
INIT_SEEK_HASH,C0,C0,R,INIT_SEEK_HASH
INIT_SEEK_HASH,C1,C1,R,INIT_SEEK_HASH
INIT_SEEK_HASH,A0,A0,R,INIT_SEEK_HASH
INIT_SEEK_HASH,A1,A1,R,INIT_SEEK_HASH
INIT_SEEK_HASH,N,N,R,INIT_SEEK_HASH
INIT_SEEK_HASH,X,X,R,INIT_SEEK_HASH
INIT_SEEK_HASH,T,T,R,INIT_SEEK_HASH
INIT_SEEK_HASH,Z,Z,R,INIT_SEEK_HASH
INIT_SEEK_HASH,hL,hL,L,FIND_CURRENT_L
INIT_SEEK_HASH,hb,hb,R,INIT_SEEK_HASH
INIT_SEEK_HASH,h0,h0,R,INIT_SEEK_HASH
INIT_SEEK_HASH,h1,h1,R,INIT_SEEK_HASH
MARK_LEFT_HEAD,B,hb,L,UPDATE_BACK_HASH_DATA
MARK_LEFT_HEAD,0,h0,L,UPDATE_BACK_HASH_DATA
MARK_LEFT_HEAD,1,h1,L,UPDATE_BACK_HASH_DATA
MARK_LEFT_HEAD,#,hL,L,RESOLVE_NEXT
MARK_LEFT_HEAD,C0,C0,R,MARK_LEFT_HEAD
MARK_LEFT_HEAD,C1,C1,R,MARK_LEFT_HEAD
MARK_LEFT_HEAD,A0,A0,R,MARK_LEFT_HEAD
MARK_LEFT_HEAD,A1,A1,R,MARK_LEFT_HEAD
MARK_LEFT_HEAD,N,N,R,MARK_LEFT_HEAD
MARK_LEFT_HEAD,X,X,R,MARK_LEFT_HEAD
MARK_LEFT_HEAD,T,T,R,MARK_LEFT_HEAD
MARK_LEFT_HEAD,Z,Z,R,MARK_LEFT_HEAD
MARK_LEFT_HEAD,hL,hL,R,MARK_LEFT_HEAD
MARK_LEFT_HEAD,hb,hb,R,MARK_LEFT_HEAD
MARK_LEFT_HEAD,h0,h0,R,MARK_LEFT_HEAD
MARK_LEFT_HEAD,h1,h1,R,MARK_LEFT_HEAD
MARK_NEXT_0_L,B,B,R,MARK_NEXT_0_L
MARK_NEXT_0_L,0,Z,R,GO_HASH_0_L
MARK_NEXT_0_L,1,N,R,MARK_NEXT_CONT_0_L
MARK_NEXT_0_L,#,#,R,MARK_NEXT_0_L
MARK_NEXT_0_L,C0,C0,R,MARK_NEXT_0_L
MARK_NEXT_0_L,C1,C1,R,MARK_NEXT_0_L
MARK_NEXT_0_L,A0,A0,R,MARK_NEXT_0_L
MARK_NEXT_0_L,A1,A1,R,MARK_NEXT_0_L
MARK_NEXT_0_L,N,N,R,MARK_NEXT_0_L
MARK_NEXT_0_L,X,X,R,MARK_NEXT_0_L
MARK_NEXT_0_L,T,T,R,MARK_NEXT_0_L
MARK_NEXT_0_L,Z,Z,R,MARK_NEXT_0_L
MARK_NEXT_0_L,hL,hL,R,MARK_NEXT_0_L
MARK_NEXT_0_L,hb,hb,R,MARK_NEXT_0_L
MARK_NEXT_0_L,h0,h0,R,MARK_NEXT_0_L
MARK_NEXT_0_L,h1,h1,R,MARK_NEXT_0_L
MARK_NEXT_0_R,B,B,R,MARK_NEXT_0_R
MARK_NEXT_0_R,0,Z,R,GO_HASH_0_R
MARK_NEXT_0_R,1,N,R,MARK_NEXT_CONT_0_R
MARK_NEXT_0_R,#,#,R,MARK_NEXT_0_R
MARK_NEXT_0_R,C0,C0,R,MARK_NEXT_0_R
MARK_NEXT_0_R,C1,C1,R,MARK_NEXT_0_R
MARK_NEXT_0_R,A0,A0,R,MARK_NEXT_0_R
MARK_NEXT_0_R,A1,A1,R,MARK_NEXT_0_R
MARK_NEXT_0_R,N,N,R,MARK_NEXT_0_R
MARK_NEXT_0_R,X,X,R,MARK_NEXT_0_R
MARK_NEXT_0_R,T,T,R,MARK_NEXT_0_R
MARK_NEXT_0_R,Z,Z,R,MARK_NEXT_0_R
MARK_NEXT_0_R,hL,hL,R,MARK_NEXT_0_R
MARK_NEXT_0_R,hb,hb,R,MARK_NEXT_0_R
MARK_NEXT_0_R,h0,h0,R,MARK_NEXT_0_R
MARK_NEXT_0_R,h1,h1,R,MARK_NEXT_0_R
MARK_NEXT_0_S,B,B,R,MARK_NEXT_0_S
MARK_NEXT_0_S,0,Z,R,GO_HASH_0_S
MARK_NEXT_0_S,1,N,R,MARK_NEXT_CONT_0_S
MARK_NEXT_0_S,#,#,R,MARK_NEXT_0_S
MARK_NEXT_0_S,C0,C0,R,MARK_NEXT_0_S
MARK_NEXT_0_S,C1,C1,R,MARK_NEXT_0_S
MARK_NEXT_0_S,A0,A0,R,MARK_NEXT_0_S
MARK_NEXT_0_S,A1,A1,R,MARK_NEXT_0_S
MARK_NEXT_0_S,N,N,R,MARK_NEXT_0_S
MARK_NEXT_0_S,X,X,R,MARK_NEXT_0_S
MARK_NEXT_0_S,T,T,R,MARK_NEXT_0_S
MARK_NEXT_0_S,Z,Z,R,MARK_NEXT_0_S
MARK_NEXT_0_S,hL,hL,R,MARK_NEXT_0_S
MARK_NEXT_0_S,hb,hb,R,MARK_NEXT_0_S
MARK_NEXT_0_S,h0,h0,R,MARK_NEXT_0_S
MARK_NEXT_0_S,h1,h1,R,MARK_NEXT_0_S
MARK_NEXT_1_L,B,B,R,MARK_NEXT_1_L
MARK_NEXT_1_L,0,Z,R,GO_HASH_1_L
MARK_NEXT_1_L,1,N,R,MARK_NEXT_CONT_1_L
MARK_NEXT_1_L,#,#,R,MARK_NEXT_1_L
MARK_NEXT_1_L,C0,C0,R,MARK_NEXT_1_L
MARK_NEXT_1_L,C1,C1,R,MARK_NEXT_1_L
MARK_NEXT_1_L,A0,A0,R,MARK_NEXT_1_L
MARK_NEXT_1_L,A1,A1,R,MARK_NEXT_1_L
MARK_NEXT_1_L,N,N,R,MARK_NEXT_1_L
MARK_NEXT_1_L,X,X,R,MARK_NEXT_1_L
MARK_NEXT_1_L,T,T,R,MARK_NEXT_1_L
MARK_NEXT_1_L,Z,Z,R,MARK_NEXT_1_L
MARK_NEXT_1_L,hL,hL,R,MARK_NEXT_1_L
MARK_NEXT_1_L,hb,hb,R,MARK_NEXT_1_L
MARK_NEXT_1_L,h0,h0,R,MARK_NEXT_1_L
MARK_NEXT_1_L,h1,h1,R,MARK_NEXT_1_L
MARK_NEXT_1_R,B,B,R,MARK_NEXT_1_R
MARK_NEXT_1_R,0,Z,R,GO_HASH_1_R
MARK_NEXT_1_R,1,N,R,MARK_NEXT_CONT_1_R
MARK_NEXT_1_R,#,#,R,MARK_NEXT_1_R
MARK_NEXT_1_R,C0,C0,R,MARK_NEXT_1_R
MARK_NEXT_1_R,C1,C1,R,MARK_NEXT_1_R
MARK_NEXT_1_R,A0,A0,R,MARK_NEXT_1_R
MARK_NEXT_1_R,A1,A1,R,MARK_NEXT_1_R
MARK_NEXT_1_R,N,N,R,MARK_NEXT_1_R
MARK_NEXT_1_R,X,X,R,MARK_NEXT_1_R
MARK_NEXT_1_R,T,T,R,MARK_NEXT_1_R
MARK_NEXT_1_R,Z,Z,R,MARK_NEXT_1_R
MARK_NEXT_1_R,hL,hL,R,MARK_NEXT_1_R
MARK_NEXT_1_R,hb,hb,R,MARK_NEXT_1_R
MARK_NEXT_1_R,h0,h0,R,MARK_NEXT_1_R
MARK_NEXT_1_R,h1,h1,R,MARK_NEXT_1_R
MARK_NEXT_1_S,B,B,R,MARK_NEXT_1_S
MARK_NEXT_1_S,0,Z,R,GO_HASH_1_S
MARK_NEXT_1_S,1,N,R,MARK_NEXT_CONT_1_S
MARK_NEXT_1_S,#,#,R,MARK_NEXT_1_S
MARK_NEXT_1_S,C0,C0,R,MARK_NEXT_1_S
MARK_NEXT_1_S,C1,C1,R,MARK_NEXT_1_S
MARK_NEXT_1_S,A0,A0,R,MARK_NEXT_1_S
MARK_NEXT_1_S,A1,A1,R,MARK_NEXT_1_S
MARK_NEXT_1_S,N,N,R,MARK_NEXT_1_S
MARK_NEXT_1_S,X,X,R,MARK_NEXT_1_S
MARK_NEXT_1_S,T,T,R,MARK_NEXT_1_S
MARK_NEXT_1_S,Z,Z,R,MARK_NEXT_1_S
MARK_NEXT_1_S,hL,hL,R,MARK_NEXT_1_S
MARK_NEXT_1_S,hb,hb,R,MARK_NEXT_1_S
MARK_NEXT_1_S,h0,h0,R,MARK_NEXT_1_S
MARK_NEXT_1_S,h1,h1,R,MARK_NEXT_1_S
MARK_NEXT_B_L,B,B,R,MARK_NEXT_B_L
MARK_NEXT_B_L,0,Z,R,GO_HASH_B_L
MARK_NEXT_B_L,1,N,R,MARK_NEXT_CONT_B_L
MARK_NEXT_B_L,#,#,R,MARK_NEXT_B_L
MARK_NEXT_B_L,C0,C0,R,MARK_NEXT_B_L
MARK_NEXT_B_L,C1,C1,R,MARK_NEXT_B_L
MARK_NEXT_B_L,A0,A0,R,MARK_NEXT_B_L
MARK_NEXT_B_L,A1,A1,R,MARK_NEXT_B_L
MARK_NEXT_B_L,N,N,R,MARK_NEXT_B_L
MARK_NEXT_B_L,X,X,R,MARK_NEXT_B_L
MARK_NEXT_B_L,T,T,R,MARK_NEXT_B_L
MARK_NEXT_B_L,Z,Z,R,MARK_NEXT_B_L
MARK_NEXT_B_L,hL,hL,R,MARK_NEXT_B_L
MARK_NEXT_B_L,hb,hb,R,MARK_NEXT_B_L
MARK_NEXT_B_L,h0,h0,R,MARK_NEXT_B_L
MARK_NEXT_B_L,h1,h1,R,MARK_NEXT_B_L
MARK_NEXT_B_R,B,B,R,MARK_NEXT_B_R
MARK_NEXT_B_R,0,Z,R,GO_HASH_B_R
MARK_NEXT_B_R,1,N,R,MARK_NEXT_CONT_B_R
MARK_NEXT_B_R,#,#,R,MARK_NEXT_B_R
MARK_NEXT_B_R,C0,C0,R,MARK_NEXT_B_R
MARK_NEXT_B_R,C1,C1,R,MARK_NEXT_B_R
MARK_NEXT_B_R,A0,A0,R,MARK_NEXT_B_R
MARK_NEXT_B_R,A1,A1,R,MARK_NEXT_B_R
MARK_NEXT_B_R,N,N,R,MARK_NEXT_B_R
MARK_NEXT_B_R,X,X,R,MARK_NEXT_B_R
MARK_NEXT_B_R,T,T,R,MARK_NEXT_B_R
MARK_NEXT_B_R,Z,Z,R,MARK_NEXT_B_R
MARK_NEXT_B_R,hL,hL,R,MARK_NEXT_B_R
MARK_NEXT_B_R,hb,hb,R,MARK_NEXT_B_R
MARK_NEXT_B_R,h0,h0,R,MARK_NEXT_B_R
MARK_NEXT_B_R,h1,h1,R,MARK_NEXT_B_R
MARK_NEXT_B_S,B,B,R,MARK_NEXT_B_S
MARK_NEXT_B_S,0,Z,R,GO_HASH_B_S
MARK_NEXT_B_S,1,N,R,MARK_NEXT_CONT_B_S
MARK_NEXT_B_S,#,#,R,MARK_NEXT_B_S
MARK_NEXT_B_S,C0,C0,R,MARK_NEXT_B_S
MARK_NEXT_B_S,C1,C1,R,MARK_NEXT_B_S
MARK_NEXT_B_S,A0,A0,R,MARK_NEXT_B_S
MARK_NEXT_B_S,A1,A1,R,MARK_NEXT_B_S
MARK_NEXT_B_S,N,N,R,MARK_NEXT_B_S
MARK_NEXT_B_S,X,X,R,MARK_NEXT_B_S
MARK_NEXT_B_S,T,T,R,MARK_NEXT_B_S
MARK_NEXT_B_S,Z,Z,R,MARK_NEXT_B_S
MARK_NEXT_B_S,hL,hL,R,MARK_NEXT_B_S
MARK_NEXT_B_S,hb,hb,R,MARK_NEXT_B_S
MARK_NEXT_B_S,h0,h0,R,MARK_NEXT_B_S
MARK_NEXT_B_S,h1,h1,R,MARK_NEXT_B_S
MARK_NEXT_CONT_0_L,B,B,R,MARK_NEXT_CONT_0_L
MARK_NEXT_CONT_0_L,0,T,R,GO_HASH_0_L
MARK_NEXT_CONT_0_L,1,N,R,MARK_NEXT_CONT_0_L
MARK_NEXT_CONT_0_L,#,#,R,MARK_NEXT_CONT_0_L
MARK_NEXT_CONT_0_L,C0,C0,R,MARK_NEXT_CONT_0_L
MARK_NEXT_CONT_0_L,C1,C1,R,MARK_NEXT_CONT_0_L
MARK_NEXT_CONT_0_L,A0,A0,R,MARK_NEXT_CONT_0_L
MARK_NEXT_CONT_0_L,A1,A1,R,MARK_NEXT_CONT_0_L
MARK_NEXT_CONT_0_L,N,N,R,MARK_NEXT_CONT_0_L
MARK_NEXT_CONT_0_L,X,X,R,MARK_NEXT_CONT_0_L
MARK_NEXT_CONT_0_L,T,T,R,MARK_NEXT_CONT_0_L
MARK_NEXT_CONT_0_L,Z,Z,R,MARK_NEXT_CONT_0_L
MARK_NEXT_CONT_0_L,hL,hL,R,MARK_NEXT_CONT_0_L
MARK_NEXT_CONT_0_L,hb,hb,R,MARK_NEXT_CONT_0_L
MARK_NEXT_CONT_0_L,h0,h0,R,MARK_NEXT_CONT_0_L
MARK_NEXT_CONT_0_L,h1,h1,R,MARK_NEXT_CONT_0_L
MARK_NEXT_CONT_0_R,B,B,R,MARK_NEXT_CONT_0_R
MARK_NEXT_CONT_0_R,0,T,R,GO_HASH_0_R
MARK_NEXT_CONT_0_R,1,N,R,MARK_NEXT_CONT_0_R
MARK_NEXT_CONT_0_R,#,#,R,MARK_NEXT_CONT_0_R
MARK_NEXT_CONT_0_R,C0,C0,R,MARK_NEXT_CONT_0_R
MARK_NEXT_CONT_0_R,C1,C1,R,MARK_NEXT_CONT_0_R
MARK_NEXT_CONT_0_R,A0,A0,R,MARK_NEXT_CONT_0_R
MARK_NEXT_CONT_0_R,A1,A1,R,MARK_NEXT_CONT_0_R
MARK_NEXT_CONT_0_R,N,N,R,MARK_NEXT_CONT_0_R
MARK_NEXT_CONT_0_R,X,X,R,MARK_NEXT_CONT_0_R
MARK_NEXT_CONT_0_R,T,T,R,MARK_NEXT_CONT_0_R
MARK_NEXT_CONT_0_R,Z,Z,R,MARK_NEXT_CONT_0_R
MARK_NEXT_CONT_0_R,hL,hL,R,MARK_NEXT_CONT_0_R
MARK_NEXT_CONT_0_R,hb,hb,R,MARK_NEXT_CONT_0_R
MARK_NEXT_CONT_0_R,h0,h0,R,MARK_NEXT_CONT_0_R
MARK_NEXT_CONT_0_R,h1,h1,R,MARK_NEXT_CONT_0_R
MARK_NEXT_CONT_0_S,B,B,R,MARK_NEXT_CONT_0_S
MARK_NEXT_CONT_0_S,0,T,R,GO_HASH_0_S
MARK_NEXT_CONT_0_S,1,N,R,MARK_NEXT_CONT_0_S
MARK_NEXT_CONT_0_S,#,#,R,MARK_NEXT_CONT_0_S
MARK_NEXT_CONT_0_S,C0,C0,R,MARK_NEXT_CONT_0_S
MARK_NEXT_CONT_0_S,C1,C1,R,MARK_NEXT_CONT_0_S
MARK_NEXT_CONT_0_S,A0,A0,R,MARK_NEXT_CONT_0_S
MARK_NEXT_CONT_0_S,A1,A1,R,MARK_NEXT_CONT_0_S
MARK_NEXT_CONT_0_S,N,N,R,MARK_NEXT_CONT_0_S
MARK_NEXT_CONT_0_S,X,X,R,MARK_NEXT_CONT_0_S
MARK_NEXT_CONT_0_S,T,T,R,MARK_NEXT_CONT_0_S
MARK_NEXT_CONT_0_S,Z,Z,R,MARK_NEXT_CONT_0_S
MARK_NEXT_CONT_0_S,hL,hL,R,MARK_NEXT_CONT_0_S
MARK_NEXT_CONT_0_S,hb,hb,R,MARK_NEXT_CONT_0_S
MARK_NEXT_CONT_0_S,h0,h0,R,MARK_NEXT_CONT_0_S
MARK_NEXT_CONT_0_S,h1,h1,R,MARK_NEXT_CONT_0_S
MARK_NEXT_CONT_1_L,B,B,R,MARK_NEXT_CONT_1_L
MARK_NEXT_CONT_1_L,0,T,R,GO_HASH_1_L
MARK_NEXT_CONT_1_L,1,N,R,MARK_NEXT_CONT_1_L
MARK_NEXT_CONT_1_L,#,#,R,MARK_NEXT_CONT_1_L
MARK_NEXT_CONT_1_L,C0,C0,R,MARK_NEXT_CONT_1_L
MARK_NEXT_CONT_1_L,C1,C1,R,MARK_NEXT_CONT_1_L
MARK_NEXT_CONT_1_L,A0,A0,R,MARK_NEXT_CONT_1_L
MARK_NEXT_CONT_1_L,A1,A1,R,MARK_NEXT_CONT_1_L
MARK_NEXT_CONT_1_L,N,N,R,MARK_NEXT_CONT_1_L
MARK_NEXT_CONT_1_L,X,X,R,MARK_NEXT_CONT_1_L
MARK_NEXT_CONT_1_L,T,T,R,MARK_NEXT_CONT_1_L
MARK_NEXT_CONT_1_L,Z,Z,R,MARK_NEXT_CONT_1_L
MARK_NEXT_CONT_1_L,hL,hL,R,MARK_NEXT_CONT_1_L
MARK_NEXT_CONT_1_L,hb,hb,R,MARK_NEXT_CONT_1_L
MARK_NEXT_CONT_1_L,h0,h0,R,MARK_NEXT_CONT_1_L
MARK_NEXT_CONT_1_L,h1,h1,R,MARK_NEXT_CONT_1_L
MARK_NEXT_CONT_1_R,B,B,R,MARK_NEXT_CONT_1_R
MARK_NEXT_CONT_1_R,0,T,R,GO_HASH_1_R
MARK_NEXT_CONT_1_R,1,N,R,MARK_NEXT_CONT_1_R
MARK_NEXT_CONT_1_R,#,#,R,MARK_NEXT_CONT_1_R
MARK_NEXT_CONT_1_R,C0,C0,R,MARK_NEXT_CONT_1_R
MARK_NEXT_CONT_1_R,C1,C1,R,MARK_NEXT_CONT_1_R
MARK_NEXT_CONT_1_R,A0,A0,R,MARK_NEXT_CONT_1_R
MARK_NEXT_CONT_1_R,A1,A1,R,MARK_NEXT_CONT_1_R
MARK_NEXT_CONT_1_R,N,N,R,MARK_NEXT_CONT_1_R
MARK_NEXT_CONT_1_R,X,X,R,MARK_NEXT_CONT_1_R
MARK_NEXT_CONT_1_R,T,T,R,MARK_NEXT_CONT_1_R
MARK_NEXT_CONT_1_R,Z,Z,R,MARK_NEXT_CONT_1_R
MARK_NEXT_CONT_1_R,hL,hL,R,MARK_NEXT_CONT_1_R
MARK_NEXT_CONT_1_R,hb,hb,R,MARK_NEXT_CONT_1_R
MARK_NEXT_CONT_1_R,h0,h0,R,MARK_NEXT_CONT_1_R
MARK_NEXT_CONT_1_R,h1,h1,R,MARK_NEXT_CONT_1_R
MARK_NEXT_CONT_1_S,B,B,R,MARK_NEXT_CONT_1_S
MARK_NEXT_CONT_1_S,0,T,R,GO_HASH_1_S
MARK_NEXT_CONT_1_S,1,N,R,MARK_NEXT_CONT_1_S
MARK_NEXT_CONT_1_S,#,#,R,MARK_NEXT_CONT_1_S
MARK_NEXT_CONT_1_S,C0,C0,R,MARK_NEXT_CONT_1_S
MARK_NEXT_CONT_1_S,C1,C1,R,MARK_NEXT_CONT_1_S
MARK_NEXT_CONT_1_S,A0,A0,R,MARK_NEXT_CONT_1_S
MARK_NEXT_CONT_1_S,A1,A1,R,MARK_NEXT_CONT_1_S
MARK_NEXT_CONT_1_S,N,N,R,MARK_NEXT_CONT_1_S
MARK_NEXT_CONT_1_S,X,X,R,MARK_NEXT_CONT_1_S
MARK_NEXT_CONT_1_S,T,T,R,MARK_NEXT_CONT_1_S
MARK_NEXT_CONT_1_S,Z,Z,R,MARK_NEXT_CONT_1_S
MARK_NEXT_CONT_1_S,hL,hL,R,MARK_NEXT_CONT_1_S
MARK_NEXT_CONT_1_S,hb,hb,R,MARK_NEXT_CONT_1_S
MARK_NEXT_CONT_1_S,h0,h0,R,MARK_NEXT_CONT_1_S
MARK_NEXT_CONT_1_S,h1,h1,R,MARK_NEXT_CONT_1_S
MARK_NEXT_CONT_B_L,B,B,R,MARK_NEXT_CONT_B_L
MARK_NEXT_CONT_B_L,0,T,R,GO_HASH_B_L
MARK_NEXT_CONT_B_L,1,N,R,MARK_NEXT_CONT_B_L
MARK_NEXT_CONT_B_L,#,#,R,MARK_NEXT_CONT_B_L
MARK_NEXT_CONT_B_L,C0,C0,R,MARK_NEXT_CONT_B_L
MARK_NEXT_CONT_B_L,C1,C1,R,MARK_NEXT_CONT_B_L
MARK_NEXT_CONT_B_L,A0,A0,R,MARK_NEXT_CONT_B_L
MARK_NEXT_CONT_B_L,A1,A1,R,MARK_NEXT_CONT_B_L
MARK_NEXT_CONT_B_L,N,N,R,MARK_NEXT_CONT_B_L
MARK_NEXT_CONT_B_L,X,X,R,MARK_NEXT_CONT_B_L
MARK_NEXT_CONT_B_L,T,T,R,MARK_NEXT_CONT_B_L
MARK_NEXT_CONT_B_L,Z,Z,R,MARK_NEXT_CONT_B_L
MARK_NEXT_CONT_B_L,hL,hL,R,MARK_NEXT_CONT_B_L
MARK_NEXT_CONT_B_L,hb,hb,R,MARK_NEXT_CONT_B_L
MARK_NEXT_CONT_B_L,h0,h0,R,MARK_NEXT_CONT_B_L
MARK_NEXT_CONT_B_L,h1,h1,R,MARK_NEXT_CONT_B_L
MARK_NEXT_CONT_B_R,B,B,R,MARK_NEXT_CONT_B_R
MARK_NEXT_CONT_B_R,0,T,R,GO_HASH_B_R
MARK_NEXT_CONT_B_R,1,N,R,MARK_NEXT_CONT_B_R
MARK_NEXT_CONT_B_R,#,#,R,MARK_NEXT_CONT_B_R
MARK_NEXT_CONT_B_R,C0,C0,R,MARK_NEXT_CONT_B_R
MARK_NEXT_CONT_B_R,C1,C1,R,MARK_NEXT_CONT_B_R
MARK_NEXT_CONT_B_R,A0,A0,R,MARK_NEXT_CONT_B_R
MARK_NEXT_CONT_B_R,A1,A1,R,MARK_NEXT_CONT_B_R
MARK_NEXT_CONT_B_R,N,N,R,MARK_NEXT_CONT_B_R
MARK_NEXT_CONT_B_R,X,X,R,MARK_NEXT_CONT_B_R
MARK_NEXT_CONT_B_R,T,T,R,MARK_NEXT_CONT_B_R
MARK_NEXT_CONT_B_R,Z,Z,R,MARK_NEXT_CONT_B_R
MARK_NEXT_CONT_B_R,hL,hL,R,MARK_NEXT_CONT_B_R
MARK_NEXT_CONT_B_R,hb,hb,R,MARK_NEXT_CONT_B_R
MARK_NEXT_CONT_B_R,h0,h0,R,MARK_NEXT_CONT_B_R
MARK_NEXT_CONT_B_R,h1,h1,R,MARK_NEXT_CONT_B_R
MARK_NEXT_CONT_B_S,B,B,R,MARK_NEXT_CONT_B_S
MARK_NEXT_CONT_B_S,0,T,R,GO_HASH_B_S
MARK_NEXT_CONT_B_S,1,N,R,MARK_NEXT_CONT_B_S
MARK_NEXT_CONT_B_S,#,#,R,MARK_NEXT_CONT_B_S
MARK_NEXT_CONT_B_S,C0,C0,R,MARK_NEXT_CONT_B_S
MARK_NEXT_CONT_B_S,C1,C1,R,MARK_NEXT_CONT_B_S
MARK_NEXT_CONT_B_S,A0,A0,R,MARK_NEXT_CONT_B_S
MARK_NEXT_CONT_B_S,A1,A1,R,MARK_NEXT_CONT_B_S
MARK_NEXT_CONT_B_S,N,N,R,MARK_NEXT_CONT_B_S
MARK_NEXT_CONT_B_S,X,X,R,MARK_NEXT_CONT_B_S
MARK_NEXT_CONT_B_S,T,T,R,MARK_NEXT_CONT_B_S
MARK_NEXT_CONT_B_S,Z,Z,R,MARK_NEXT_CONT_B_S
MARK_NEXT_CONT_B_S,hL,hL,R,MARK_NEXT_CONT_B_S
MARK_NEXT_CONT_B_S,hb,hb,R,MARK_NEXT_CONT_B_S
MARK_NEXT_CONT_B_S,h0,h0,R,MARK_NEXT_CONT_B_S
MARK_NEXT_CONT_B_S,h1,h1,R,MARK_NEXT_CONT_B_S
MARK_NEXT_CONT_L_L,B,B,R,MARK_NEXT_CONT_L_L
MARK_NEXT_CONT_L_L,0,T,R,GO_HASH_L_L
MARK_NEXT_CONT_L_L,1,N,R,MARK_NEXT_CONT_L_L
MARK_NEXT_CONT_L_L,#,#,R,MARK_NEXT_CONT_L_L
MARK_NEXT_CONT_L_L,C0,C0,R,MARK_NEXT_CONT_L_L
MARK_NEXT_CONT_L_L,C1,C1,R,MARK_NEXT_CONT_L_L
MARK_NEXT_CONT_L_L,A0,A0,R,MARK_NEXT_CONT_L_L
MARK_NEXT_CONT_L_L,A1,A1,R,MARK_NEXT_CONT_L_L
MARK_NEXT_CONT_L_L,N,N,R,MARK_NEXT_CONT_L_L
MARK_NEXT_CONT_L_L,X,X,R,MARK_NEXT_CONT_L_L
MARK_NEXT_CONT_L_L,T,T,R,MARK_NEXT_CONT_L_L
MARK_NEXT_CONT_L_L,Z,Z,R,MARK_NEXT_CONT_L_L
MARK_NEXT_CONT_L_L,hL,hL,R,MARK_NEXT_CONT_L_L
MARK_NEXT_CONT_L_L,hb,hb,R,MARK_NEXT_CONT_L_L
MARK_NEXT_CONT_L_L,h0,h0,R,MARK_NEXT_CONT_L_L
MARK_NEXT_CONT_L_L,h1,h1,R,MARK_NEXT_CONT_L_L
MARK_NEXT_CONT_L_R,B,B,R,MARK_NEXT_CONT_L_R
MARK_NEXT_CONT_L_R,0,T,R,GO_HASH_L_R
MARK_NEXT_CONT_L_R,1,N,R,MARK_NEXT_CONT_L_R
MARK_NEXT_CONT_L_R,#,#,R,MARK_NEXT_CONT_L_R
MARK_NEXT_CONT_L_R,C0,C0,R,MARK_NEXT_CONT_L_R
MARK_NEXT_CONT_L_R,C1,C1,R,MARK_NEXT_CONT_L_R
MARK_NEXT_CONT_L_R,A0,A0,R,MARK_NEXT_CONT_L_R
MARK_NEXT_CONT_L_R,A1,A1,R,MARK_NEXT_CONT_L_R
MARK_NEXT_CONT_L_R,N,N,R,MARK_NEXT_CONT_L_R
MARK_NEXT_CONT_L_R,X,X,R,MARK_NEXT_CONT_L_R
MARK_NEXT_CONT_L_R,T,T,R,MARK_NEXT_CONT_L_R
MARK_NEXT_CONT_L_R,Z,Z,R,MARK_NEXT_CONT_L_R
MARK_NEXT_CONT_L_R,hL,hL,R,MARK_NEXT_CONT_L_R
MARK_NEXT_CONT_L_R,hb,hb,R,MARK_NEXT_CONT_L_R
MARK_NEXT_CONT_L_R,h0,h0,R,MARK_NEXT_CONT_L_R
MARK_NEXT_CONT_L_R,h1,h1,R,MARK_NEXT_CONT_L_R
MARK_NEXT_CONT_L_S,B,B,R,MARK_NEXT_CONT_L_S
MARK_NEXT_CONT_L_S,0,T,R,GO_HASH_L_S
MARK_NEXT_CONT_L_S,1,N,R,MARK_NEXT_CONT_L_S
MARK_NEXT_CONT_L_S,#,#,R,MARK_NEXT_CONT_L_S
MARK_NEXT_CONT_L_S,C0,C0,R,MARK_NEXT_CONT_L_S
MARK_NEXT_CONT_L_S,C1,C1,R,MARK_NEXT_CONT_L_S
MARK_NEXT_CONT_L_S,A0,A0,R,MARK_NEXT_CONT_L_S
MARK_NEXT_CONT_L_S,A1,A1,R,MARK_NEXT_CONT_L_S
MARK_NEXT_CONT_L_S,N,N,R,MARK_NEXT_CONT_L_S
MARK_NEXT_CONT_L_S,X,X,R,MARK_NEXT_CONT_L_S
MARK_NEXT_CONT_L_S,T,T,R,MARK_NEXT_CONT_L_S
MARK_NEXT_CONT_L_S,Z,Z,R,MARK_NEXT_CONT_L_S
MARK_NEXT_CONT_L_S,hL,hL,R,MARK_NEXT_CONT_L_S
MARK_NEXT_CONT_L_S,hb,hb,R,MARK_NEXT_CONT_L_S
MARK_NEXT_CONT_L_S,h0,h0,R,MARK_NEXT_CONT_L_S
MARK_NEXT_CONT_L_S,h1,h1,R,MARK_NEXT_CONT_L_S
MARK_NEXT_L_L,B,B,R,MARK_NEXT_L_L
MARK_NEXT_L_L,0,Z,R,GO_HASH_L_L
MARK_NEXT_L_L,1,N,R,MARK_NEXT_CONT_L_L
MARK_NEXT_L_L,#,#,R,MARK_NEXT_L_L
MARK_NEXT_L_L,C0,C0,R,MARK_NEXT_L_L
MARK_NEXT_L_L,C1,C1,R,MARK_NEXT_L_L
MARK_NEXT_L_L,A0,A0,R,MARK_NEXT_L_L
MARK_NEXT_L_L,A1,A1,R,MARK_NEXT_L_L
MARK_NEXT_L_L,N,N,R,MARK_NEXT_L_L
MARK_NEXT_L_L,X,X,R,MARK_NEXT_L_L
MARK_NEXT_L_L,T,T,R,MARK_NEXT_L_L
MARK_NEXT_L_L,Z,Z,R,MARK_NEXT_L_L
MARK_NEXT_L_L,hL,hL,R,MARK_NEXT_L_L
MARK_NEXT_L_L,hb,hb,R,MARK_NEXT_L_L
MARK_NEXT_L_L,h0,h0,R,MARK_NEXT_L_L
MARK_NEXT_L_L,h1,h1,R,MARK_NEXT_L_L
MARK_NEXT_L_R,B,B,R,MARK_NEXT_L_R
MARK_NEXT_L_R,0,Z,R,GO_HASH_L_R
MARK_NEXT_L_R,1,N,R,MARK_NEXT_CONT_L_R
MARK_NEXT_L_R,#,#,R,MARK_NEXT_L_R
MARK_NEXT_L_R,C0,C0,R,MARK_NEXT_L_R
MARK_NEXT_L_R,C1,C1,R,MARK_NEXT_L_R
MARK_NEXT_L_R,A0,A0,R,MARK_NEXT_L_R
MARK_NEXT_L_R,A1,A1,R,MARK_NEXT_L_R
MARK_NEXT_L_R,N,N,R,MARK_NEXT_L_R
MARK_NEXT_L_R,X,X,R,MARK_NEXT_L_R
MARK_NEXT_L_R,T,T,R,MARK_NEXT_L_R
MARK_NEXT_L_R,Z,Z,R,MARK_NEXT_L_R
MARK_NEXT_L_R,hL,hL,R,MARK_NEXT_L_R
MARK_NEXT_L_R,hb,hb,R,MARK_NEXT_L_R
MARK_NEXT_L_R,h0,h0,R,MARK_NEXT_L_R
MARK_NEXT_L_R,h1,h1,R,MARK_NEXT_L_R
MARK_NEXT_L_S,B,B,R,MARK_NEXT_L_S
MARK_NEXT_L_S,0,Z,R,GO_HASH_L_S
MARK_NEXT_L_S,1,N,R,MARK_NEXT_CONT_L_S
MARK_NEXT_L_S,#,#,R,MARK_NEXT_L_S
MARK_NEXT_L_S,C0,C0,R,MARK_NEXT_L_S
MARK_NEXT_L_S,C1,C1,R,MARK_NEXT_L_S
MARK_NEXT_L_S,A0,A0,R,MARK_NEXT_L_S
MARK_NEXT_L_S,A1,A1,R,MARK_NEXT_L_S
MARK_NEXT_L_S,N,N,R,MARK_NEXT_L_S
MARK_NEXT_L_S,X,X,R,MARK_NEXT_L_S
MARK_NEXT_L_S,T,T,R,MARK_NEXT_L_S
MARK_NEXT_L_S,Z,Z,R,MARK_NEXT_L_S
MARK_NEXT_L_S,hL,hL,R,MARK_NEXT_L_S
MARK_NEXT_L_S,hb,hb,R,MARK_NEXT_L_S
MARK_NEXT_L_S,h0,h0,R,MARK_NEXT_L_S
MARK_NEXT_L_S,h1,h1,R,MARK_NEXT_L_S
MARK_RIGHT_HEAD,B,hb,L,UPDATE_BACK_HASH_DATA
MARK_RIGHT_HEAD,0,h0,L,UPDATE_BACK_HASH_DATA
MARK_RIGHT_HEAD,1,h1,L,UPDATE_BACK_HASH_DATA
MARK_RIGHT_HEAD,#,#,R,MARK_RIGHT_HEAD
MARK_RIGHT_HEAD,C0,C0,R,MARK_RIGHT_HEAD
MARK_RIGHT_HEAD,C1,C1,R,MARK_RIGHT_HEAD
MARK_RIGHT_HEAD,A0,A0,R,MARK_RIGHT_HEAD
MARK_RIGHT_HEAD,A1,A1,R,MARK_RIGHT_HEAD
MARK_RIGHT_HEAD,N,N,R,MARK_RIGHT_HEAD
MARK_RIGHT_HEAD,X,X,R,MARK_RIGHT_HEAD
MARK_RIGHT_HEAD,T,T,R,MARK_RIGHT_HEAD
MARK_RIGHT_HEAD,Z,Z,R,MARK_RIGHT_HEAD
MARK_RIGHT_HEAD,hL,hL,R,MARK_RIGHT_HEAD
MARK_RIGHT_HEAD,hb,hb,R,MARK_RIGHT_HEAD
MARK_RIGHT_HEAD,h0,h0,R,MARK_RIGHT_HEAD
MARK_RIGHT_HEAD,h1,h1,R,MARK_RIGHT_HEAD
RESOLVE_NEXT,B,B,R,RESOLVE_NEXT
RESOLVE_NEXT,0,0,L,RESOLVE_NEXT
RESOLVE_NEXT,1,1,L,RESOLVE_NEXT
RESOLVE_NEXT,#,#,R,RESOLVE_NEXT
RESOLVE_NEXT,C0,C0,L,RESOLVE_NEXT
RESOLVE_NEXT,C1,C1,L,RESOLVE_NEXT
RESOLVE_NEXT,A0,A0,L,RESOLVE_NEXT
RESOLVE_NEXT,A1,A1,L,RESOLVE_NEXT
RESOLVE_NEXT,N,N,L,RESOLVE_NEXT
RESOLVE_NEXT,X,X,L,RESOLVE_NEXT
RESOLVE_NEXT,T,T,L,TARGET_FIND_PROGRAM_LEFT
RESOLVE_NEXT,Z,0,R,HALT_TO_BOUNDARY
RESOLVE_NEXT,hL,hL,R,RESOLVE_NEXT
RESOLVE_NEXT,hb,hb,R,RESOLVE_NEXT
RESOLVE_NEXT,h0,h0,R,RESOLVE_NEXT
RESOLVE_NEXT,h1,h1,R,RESOLVE_NEXT
SELECT_D1_0,B,B,R,SELECT_D1_0
SELECT_D1_0,0,0,R,SELECT_D2_0_0
SELECT_D1_0,1,1,R,SELECT_D2_0_1
SELECT_D1_0,#,#,R,SELECT_D1_0
SELECT_D1_0,C0,C0,R,SELECT_D1_0
SELECT_D1_0,C1,C1,R,SELECT_D1_0
SELECT_D1_0,A0,A0,R,SELECT_D1_0
SELECT_D1_0,A1,A1,R,SELECT_D1_0
SELECT_D1_0,N,N,R,SELECT_D1_0
SELECT_D1_0,X,X,R,SELECT_D1_0
SELECT_D1_0,T,T,R,SELECT_D1_0
SELECT_D1_0,Z,Z,R,SELECT_D1_0
SELECT_D1_0,hL,hL,R,SELECT_D1_0
SELECT_D1_0,hb,hb,R,SELECT_D1_0
SELECT_D1_0,h0,h0,R,SELECT_D1_0
SELECT_D1_0,h1,h1,R,SELECT_D1_0
SELECT_D1_1,B,B,R,SELECT_D1_1
SELECT_D1_1,0,0,R,SELECT_D2_1_0
SELECT_D1_1,1,1,R,SELECT_D2_1_1
SELECT_D1_1,#,#,R,SELECT_D1_1
SELECT_D1_1,C0,C0,R,SELECT_D1_1
SELECT_D1_1,C1,C1,R,SELECT_D1_1
SELECT_D1_1,A0,A0,R,SELECT_D1_1
SELECT_D1_1,A1,A1,R,SELECT_D1_1
SELECT_D1_1,N,N,R,SELECT_D1_1
SELECT_D1_1,X,X,R,SELECT_D1_1
SELECT_D1_1,T,T,R,SELECT_D1_1
SELECT_D1_1,Z,Z,R,SELECT_D1_1
SELECT_D1_1,hL,hL,R,SELECT_D1_1
SELECT_D1_1,hb,hb,R,SELECT_D1_1
SELECT_D1_1,h0,h0,R,SELECT_D1_1
SELECT_D1_1,h1,h1,R,SELECT_D1_1
SELECT_D1_B,B,B,R,SELECT_D1_B
SELECT_D1_B,0,0,R,SELECT_D2_B_0
SELECT_D1_B,1,1,R,SELECT_D2_B_1
SELECT_D1_B,#,#,R,SELECT_D1_B
SELECT_D1_B,C0,C0,R,SELECT_D1_B
SELECT_D1_B,C1,C1,R,SELECT_D1_B
SELECT_D1_B,A0,A0,R,SELECT_D1_B
SELECT_D1_B,A1,A1,R,SELECT_D1_B
SELECT_D1_B,N,N,R,SELECT_D1_B
SELECT_D1_B,X,X,R,SELECT_D1_B
SELECT_D1_B,T,T,R,SELECT_D1_B
SELECT_D1_B,Z,Z,R,SELECT_D1_B
SELECT_D1_B,hL,hL,R,SELECT_D1_B
SELECT_D1_B,hb,hb,R,SELECT_D1_B
SELECT_D1_B,h0,h0,R,SELECT_D1_B
SELECT_D1_B,h1,h1,R,SELECT_D1_B
SELECT_D1_L,B,B,R,SELECT_D1_L
SELECT_D1_L,0,0,R,SELECT_D2_L_0
SELECT_D1_L,1,1,R,SELECT_D2_L_1
SELECT_D1_L,#,#,R,SELECT_D1_L
SELECT_D1_L,C0,C0,R,SELECT_D1_L
SELECT_D1_L,C1,C1,R,SELECT_D1_L
SELECT_D1_L,A0,A0,R,SELECT_D1_L
SELECT_D1_L,A1,A1,R,SELECT_D1_L
SELECT_D1_L,N,N,R,SELECT_D1_L
SELECT_D1_L,X,X,R,SELECT_D1_L
SELECT_D1_L,T,T,R,SELECT_D1_L
SELECT_D1_L,Z,Z,R,SELECT_D1_L
SELECT_D1_L,hL,hL,R,SELECT_D1_L
SELECT_D1_L,hb,hb,R,SELECT_D1_L
SELECT_D1_L,h0,h0,R,SELECT_D1_L
SELECT_D1_L,h1,h1,R,SELECT_D1_L
SELECT_D2_0_0,B,B,R,SELECT_D2_0_0
SELECT_D2_0_0,0,0,R,MARK_NEXT_0_L
SELECT_D2_0_0,1,1,R,MARK_NEXT_0_R
SELECT_D2_0_0,#,#,R,SELECT_D2_0_0
SELECT_D2_0_0,C0,C0,R,SELECT_D2_0_0
SELECT_D2_0_0,C1,C1,R,SELECT_D2_0_0
SELECT_D2_0_0,A0,A0,R,SELECT_D2_0_0
SELECT_D2_0_0,A1,A1,R,SELECT_D2_0_0
SELECT_D2_0_0,N,N,R,SELECT_D2_0_0
SELECT_D2_0_0,X,X,R,SELECT_D2_0_0
SELECT_D2_0_0,T,T,R,SELECT_D2_0_0
SELECT_D2_0_0,Z,Z,R,SELECT_D2_0_0
SELECT_D2_0_0,hL,hL,R,SELECT_D2_0_0
SELECT_D2_0_0,hb,hb,R,SELECT_D2_0_0
SELECT_D2_0_0,h0,h0,R,SELECT_D2_0_0
SELECT_D2_0_0,h1,h1,R,SELECT_D2_0_0
SELECT_D2_0_1,B,B,R,SELECT_D2_0_1
SELECT_D2_0_1,0,0,R,MARK_NEXT_0_S
SELECT_D2_0_1,1,1,R,SELECT_D2_0_1
SELECT_D2_0_1,#,#,R,SELECT_D2_0_1
SELECT_D2_0_1,C0,C0,R,SELECT_D2_0_1
SELECT_D2_0_1,C1,C1,R,SELECT_D2_0_1
SELECT_D2_0_1,A0,A0,R,SELECT_D2_0_1
SELECT_D2_0_1,A1,A1,R,SELECT_D2_0_1
SELECT_D2_0_1,N,N,R,SELECT_D2_0_1
SELECT_D2_0_1,X,X,R,SELECT_D2_0_1
SELECT_D2_0_1,T,T,R,SELECT_D2_0_1
SELECT_D2_0_1,Z,Z,R,SELECT_D2_0_1
SELECT_D2_0_1,hL,hL,R,SELECT_D2_0_1
SELECT_D2_0_1,hb,hb,R,SELECT_D2_0_1
SELECT_D2_0_1,h0,h0,R,SELECT_D2_0_1
SELECT_D2_0_1,h1,h1,R,SELECT_D2_0_1
SELECT_D2_1_0,B,B,R,SELECT_D2_1_0
SELECT_D2_1_0,0,0,R,MARK_NEXT_1_L
SELECT_D2_1_0,1,1,R,MARK_NEXT_1_R
SELECT_D2_1_0,#,#,R,SELECT_D2_1_0
SELECT_D2_1_0,C0,C0,R,SELECT_D2_1_0
SELECT_D2_1_0,C1,C1,R,SELECT_D2_1_0
SELECT_D2_1_0,A0,A0,R,SELECT_D2_1_0
SELECT_D2_1_0,A1,A1,R,SELECT_D2_1_0
SELECT_D2_1_0,N,N,R,SELECT_D2_1_0
SELECT_D2_1_0,X,X,R,SELECT_D2_1_0
SELECT_D2_1_0,T,T,R,SELECT_D2_1_0
SELECT_D2_1_0,Z,Z,R,SELECT_D2_1_0
SELECT_D2_1_0,hL,hL,R,SELECT_D2_1_0
SELECT_D2_1_0,hb,hb,R,SELECT_D2_1_0
SELECT_D2_1_0,h0,h0,R,SELECT_D2_1_0
SELECT_D2_1_0,h1,h1,R,SELECT_D2_1_0
SELECT_D2_1_1,B,B,R,SELECT_D2_1_1
SELECT_D2_1_1,0,0,R,MARK_NEXT_1_S
SELECT_D2_1_1,1,1,R,SELECT_D2_1_1
SELECT_D2_1_1,#,#,R,SELECT_D2_1_1
SELECT_D2_1_1,C0,C0,R,SELECT_D2_1_1
SELECT_D2_1_1,C1,C1,R,SELECT_D2_1_1
SELECT_D2_1_1,A0,A0,R,SELECT_D2_1_1
SELECT_D2_1_1,A1,A1,R,SELECT_D2_1_1
SELECT_D2_1_1,N,N,R,SELECT_D2_1_1
SELECT_D2_1_1,X,X,R,SELECT_D2_1_1
SELECT_D2_1_1,T,T,R,SELECT_D2_1_1
SELECT_D2_1_1,Z,Z,R,SELECT_D2_1_1
SELECT_D2_1_1,hL,hL,R,SELECT_D2_1_1
SELECT_D2_1_1,hb,hb,R,SELECT_D2_1_1
SELECT_D2_1_1,h0,h0,R,SELECT_D2_1_1
SELECT_D2_1_1,h1,h1,R,SELECT_D2_1_1
SELECT_D2_B_0,B,B,R,SELECT_D2_B_0
SELECT_D2_B_0,0,0,R,MARK_NEXT_B_L
SELECT_D2_B_0,1,1,R,MARK_NEXT_B_R
SELECT_D2_B_0,#,#,R,SELECT_D2_B_0
SELECT_D2_B_0,C0,C0,R,SELECT_D2_B_0
SELECT_D2_B_0,C1,C1,R,SELECT_D2_B_0
SELECT_D2_B_0,A0,A0,R,SELECT_D2_B_0
SELECT_D2_B_0,A1,A1,R,SELECT_D2_B_0
SELECT_D2_B_0,N,N,R,SELECT_D2_B_0
SELECT_D2_B_0,X,X,R,SELECT_D2_B_0
SELECT_D2_B_0,T,T,R,SELECT_D2_B_0
SELECT_D2_B_0,Z,Z,R,SELECT_D2_B_0
SELECT_D2_B_0,hL,hL,R,SELECT_D2_B_0
SELECT_D2_B_0,hb,hb,R,SELECT_D2_B_0
SELECT_D2_B_0,h0,h0,R,SELECT_D2_B_0
SELECT_D2_B_0,h1,h1,R,SELECT_D2_B_0
SELECT_D2_B_1,B,B,R,SELECT_D2_B_1
SELECT_D2_B_1,0,0,R,MARK_NEXT_B_S
SELECT_D2_B_1,1,1,R,SELECT_D2_B_1
SELECT_D2_B_1,#,#,R,SELECT_D2_B_1
SELECT_D2_B_1,C0,C0,R,SELECT_D2_B_1
SELECT_D2_B_1,C1,C1,R,SELECT_D2_B_1
SELECT_D2_B_1,A0,A0,R,SELECT_D2_B_1
SELECT_D2_B_1,A1,A1,R,SELECT_D2_B_1
SELECT_D2_B_1,N,N,R,SELECT_D2_B_1
SELECT_D2_B_1,X,X,R,SELECT_D2_B_1
SELECT_D2_B_1,T,T,R,SELECT_D2_B_1
SELECT_D2_B_1,Z,Z,R,SELECT_D2_B_1
SELECT_D2_B_1,hL,hL,R,SELECT_D2_B_1
SELECT_D2_B_1,hb,hb,R,SELECT_D2_B_1
SELECT_D2_B_1,h0,h0,R,SELECT_D2_B_1
SELECT_D2_B_1,h1,h1,R,SELECT_D2_B_1
SELECT_D2_L_0,B,B,R,SELECT_D2_L_0
SELECT_D2_L_0,0,0,R,MARK_NEXT_L_L
SELECT_D2_L_0,1,1,R,MARK_NEXT_L_R
SELECT_D2_L_0,#,#,R,SELECT_D2_L_0
SELECT_D2_L_0,C0,C0,R,SELECT_D2_L_0
SELECT_D2_L_0,C1,C1,R,SELECT_D2_L_0
SELECT_D2_L_0,A0,A0,R,SELECT_D2_L_0
SELECT_D2_L_0,A1,A1,R,SELECT_D2_L_0
SELECT_D2_L_0,N,N,R,SELECT_D2_L_0
SELECT_D2_L_0,X,X,R,SELECT_D2_L_0
SELECT_D2_L_0,T,T,R,SELECT_D2_L_0
SELECT_D2_L_0,Z,Z,R,SELECT_D2_L_0
SELECT_D2_L_0,hL,hL,R,SELECT_D2_L_0
SELECT_D2_L_0,hb,hb,R,SELECT_D2_L_0
SELECT_D2_L_0,h0,h0,R,SELECT_D2_L_0
SELECT_D2_L_0,h1,h1,R,SELECT_D2_L_0
SELECT_D2_L_1,B,B,R,SELECT_D2_L_1
SELECT_D2_L_1,0,0,R,MARK_NEXT_L_S
SELECT_D2_L_1,1,1,R,SELECT_D2_L_1
SELECT_D2_L_1,#,#,R,SELECT_D2_L_1
SELECT_D2_L_1,C0,C0,R,SELECT_D2_L_1
SELECT_D2_L_1,C1,C1,R,SELECT_D2_L_1
SELECT_D2_L_1,A0,A0,R,SELECT_D2_L_1
SELECT_D2_L_1,A1,A1,R,SELECT_D2_L_1
SELECT_D2_L_1,N,N,R,SELECT_D2_L_1
SELECT_D2_L_1,X,X,R,SELECT_D2_L_1
SELECT_D2_L_1,T,T,R,SELECT_D2_L_1
SELECT_D2_L_1,Z,Z,R,SELECT_D2_L_1
SELECT_D2_L_1,hL,hL,R,SELECT_D2_L_1
SELECT_D2_L_1,hb,hb,R,SELECT_D2_L_1
SELECT_D2_L_1,h0,h0,R,SELECT_D2_L_1
SELECT_D2_L_1,h1,h1,R,SELECT_D2_L_1
SELECT_W1_0,B,B,R,SELECT_W1_0
SELECT_W1_0,0,0,R,SELECT_W2_0_0
SELECT_W1_0,1,1,R,SELECT_W2_0_1
SELECT_W1_0,#,#,R,SELECT_W1_0
SELECT_W1_0,C0,C0,R,SELECT_W2_0_0
SELECT_W1_0,C1,C1,R,SELECT_W2_0_1
SELECT_W1_0,A0,A0,R,SELECT_W1_0
SELECT_W1_0,A1,A1,R,SELECT_W1_0
SELECT_W1_0,N,N,R,SELECT_W1_0
SELECT_W1_0,X,X,R,SELECT_W1_0
SELECT_W1_0,T,T,R,SELECT_W1_0
SELECT_W1_0,Z,Z,R,SELECT_W1_0
SELECT_W1_0,hL,hL,R,SELECT_W1_0
SELECT_W1_0,hb,hb,R,SELECT_W1_0
SELECT_W1_0,h0,h0,R,SELECT_W1_0
SELECT_W1_0,h1,h1,R,SELECT_W1_0
SELECT_W1_1,B,B,R,SELECT_W1_1
SELECT_W1_1,0,0,R,SELECT_W2_1_0
SELECT_W1_1,1,1,R,SELECT_W2_1_1
SELECT_W1_1,#,#,R,SELECT_W1_1
SELECT_W1_1,C0,C0,R,SELECT_W2_1_0
SELECT_W1_1,C1,C1,R,SELECT_W2_1_1
SELECT_W1_1,A0,A0,R,SELECT_W1_1
SELECT_W1_1,A1,A1,R,SELECT_W1_1
SELECT_W1_1,N,N,R,SELECT_W1_1
SELECT_W1_1,X,X,R,SELECT_W1_1
SELECT_W1_1,T,T,R,SELECT_W1_1
SELECT_W1_1,Z,Z,R,SELECT_W1_1
SELECT_W1_1,hL,hL,R,SELECT_W1_1
SELECT_W1_1,hb,hb,R,SELECT_W1_1
SELECT_W1_1,h0,h0,R,SELECT_W1_1
SELECT_W1_1,h1,h1,R,SELECT_W1_1
SELECT_W1_B,B,B,R,SELECT_W1_B
SELECT_W1_B,0,0,R,SELECT_W2_B_0
SELECT_W1_B,1,1,R,SELECT_W2_B_1
SELECT_W1_B,#,#,R,SELECT_W1_B
SELECT_W1_B,C0,C0,R,SELECT_W2_B_0
SELECT_W1_B,C1,C1,R,SELECT_W2_B_1
SELECT_W1_B,A0,A0,R,SELECT_W1_B
SELECT_W1_B,A1,A1,R,SELECT_W1_B
SELECT_W1_B,N,N,R,SELECT_W1_B
SELECT_W1_B,X,X,R,SELECT_W1_B
SELECT_W1_B,T,T,R,SELECT_W1_B
SELECT_W1_B,Z,Z,R,SELECT_W1_B
SELECT_W1_B,hL,hL,R,SELECT_W1_B
SELECT_W1_B,hb,hb,R,SELECT_W1_B
SELECT_W1_B,h0,h0,R,SELECT_W1_B
SELECT_W1_B,h1,h1,R,SELECT_W1_B
SELECT_W1_L,B,B,R,SELECT_W1_L
SELECT_W1_L,0,0,R,SELECT_W2_L_0
SELECT_W1_L,1,1,R,SELECT_W2_L_1
SELECT_W1_L,#,#,R,SELECT_W1_L
SELECT_W1_L,C0,C0,R,SELECT_W2_L_0
SELECT_W1_L,C1,C1,R,SELECT_W2_L_1
SELECT_W1_L,A0,A0,R,SELECT_W1_L
SELECT_W1_L,A1,A1,R,SELECT_W1_L
SELECT_W1_L,N,N,R,SELECT_W1_L
SELECT_W1_L,X,X,R,SELECT_W1_L
SELECT_W1_L,T,T,R,SELECT_W1_L
SELECT_W1_L,Z,Z,R,SELECT_W1_L
SELECT_W1_L,hL,hL,R,SELECT_W1_L
SELECT_W1_L,hb,hb,R,SELECT_W1_L
SELECT_W1_L,h0,h0,R,SELECT_W1_L
SELECT_W1_L,h1,h1,R,SELECT_W1_L
SELECT_W2_0_0,B,B,R,SELECT_W2_0_0
SELECT_W2_0_0,0,0,R,SELECT_D1_L
SELECT_W2_0_0,1,1,R,SELECT_D1_B
SELECT_W2_0_0,#,#,R,SELECT_W2_0_0
SELECT_W2_0_0,C0,C0,R,SELECT_W2_0_0
SELECT_W2_0_0,C1,C1,R,SELECT_W2_0_0
SELECT_W2_0_0,A0,A0,R,SELECT_W2_0_0
SELECT_W2_0_0,A1,A1,R,SELECT_W2_0_0
SELECT_W2_0_0,N,N,R,SELECT_W2_0_0
SELECT_W2_0_0,X,X,R,SELECT_W2_0_0
SELECT_W2_0_0,T,T,R,SELECT_W2_0_0
SELECT_W2_0_0,Z,Z,R,SELECT_W2_0_0
SELECT_W2_0_0,hL,hL,R,SELECT_W2_0_0
SELECT_W2_0_0,hb,hb,R,SELECT_W2_0_0
SELECT_W2_0_0,h0,h0,R,SELECT_W2_0_0
SELECT_W2_0_0,h1,h1,R,SELECT_W2_0_0
SELECT_W2_0_1,B,B,R,SELECT_W2_0_1
SELECT_W2_0_1,0,0,R,SELECT_D1_0
SELECT_W2_0_1,1,1,R,SELECT_D1_1
SELECT_W2_0_1,#,#,R,SELECT_W2_0_1
SELECT_W2_0_1,C0,C0,R,SELECT_W2_0_1
SELECT_W2_0_1,C1,C1,R,SELECT_W2_0_1
SELECT_W2_0_1,A0,A0,R,SELECT_W2_0_1
SELECT_W2_0_1,A1,A1,R,SELECT_W2_0_1
SELECT_W2_0_1,N,N,R,SELECT_W2_0_1
SELECT_W2_0_1,X,X,R,SELECT_W2_0_1
SELECT_W2_0_1,T,T,R,SELECT_W2_0_1
SELECT_W2_0_1,Z,Z,R,SELECT_W2_0_1
SELECT_W2_0_1,hL,hL,R,SELECT_W2_0_1
SELECT_W2_0_1,hb,hb,R,SELECT_W2_0_1
SELECT_W2_0_1,h0,h0,R,SELECT_W2_0_1
SELECT_W2_0_1,h1,h1,R,SELECT_W2_0_1
SELECT_W2_1_0,B,B,R,SELECT_W2_1_0
SELECT_W2_1_0,0,0,R,SELECT_D1_L
SELECT_W2_1_0,1,1,R,SELECT_D1_B
SELECT_W2_1_0,#,#,R,SELECT_W2_1_0
SELECT_W2_1_0,C0,C0,R,SELECT_W2_1_0
SELECT_W2_1_0,C1,C1,R,SELECT_W2_1_0
SELECT_W2_1_0,A0,A0,R,SELECT_W2_1_0
SELECT_W2_1_0,A1,A1,R,SELECT_W2_1_0
SELECT_W2_1_0,N,N,R,SELECT_W2_1_0
SELECT_W2_1_0,X,X,R,SELECT_W2_1_0
SELECT_W2_1_0,T,T,R,SELECT_W2_1_0
SELECT_W2_1_0,Z,Z,R,SELECT_W2_1_0
SELECT_W2_1_0,hL,hL,R,SELECT_W2_1_0
SELECT_W2_1_0,hb,hb,R,SELECT_W2_1_0
SELECT_W2_1_0,h0,h0,R,SELECT_W2_1_0
SELECT_W2_1_0,h1,h1,R,SELECT_W2_1_0
SELECT_W2_1_1,B,B,R,SELECT_W2_1_1
SELECT_W2_1_1,0,0,R,SELECT_D1_0
SELECT_W2_1_1,1,1,R,SELECT_D1_1
SELECT_W2_1_1,#,#,R,SELECT_W2_1_1
SELECT_W2_1_1,C0,C0,R,SELECT_W2_1_1
SELECT_W2_1_1,C1,C1,R,SELECT_W2_1_1
SELECT_W2_1_1,A0,A0,R,SELECT_W2_1_1
SELECT_W2_1_1,A1,A1,R,SELECT_W2_1_1
SELECT_W2_1_1,N,N,R,SELECT_W2_1_1
SELECT_W2_1_1,X,X,R,SELECT_W2_1_1
SELECT_W2_1_1,T,T,R,SELECT_W2_1_1
SELECT_W2_1_1,Z,Z,R,SELECT_W2_1_1
SELECT_W2_1_1,hL,hL,R,SELECT_W2_1_1
SELECT_W2_1_1,hb,hb,R,SELECT_W2_1_1
SELECT_W2_1_1,h0,h0,R,SELECT_W2_1_1
SELECT_W2_1_1,h1,h1,R,SELECT_W2_1_1
SELECT_W2_B_0,B,B,R,SELECT_W2_B_0
SELECT_W2_B_0,0,0,R,SELECT_D1_L
SELECT_W2_B_0,1,1,R,SELECT_D1_B
SELECT_W2_B_0,#,#,R,SELECT_W2_B_0
SELECT_W2_B_0,C0,C0,R,SELECT_W2_B_0
SELECT_W2_B_0,C1,C1,R,SELECT_W2_B_0
SELECT_W2_B_0,A0,A0,R,SELECT_W2_B_0
SELECT_W2_B_0,A1,A1,R,SELECT_W2_B_0
SELECT_W2_B_0,N,N,R,SELECT_W2_B_0
SELECT_W2_B_0,X,X,R,SELECT_W2_B_0
SELECT_W2_B_0,T,T,R,SELECT_W2_B_0
SELECT_W2_B_0,Z,Z,R,SELECT_W2_B_0
SELECT_W2_B_0,hL,hL,R,SELECT_W2_B_0
SELECT_W2_B_0,hb,hb,R,SELECT_W2_B_0
SELECT_W2_B_0,h0,h0,R,SELECT_W2_B_0
SELECT_W2_B_0,h1,h1,R,SELECT_W2_B_0
SELECT_W2_B_1,B,B,R,SELECT_W2_B_1
SELECT_W2_B_1,0,0,R,SELECT_D1_0
SELECT_W2_B_1,1,1,R,SELECT_D1_1
SELECT_W2_B_1,#,#,R,SELECT_W2_B_1
SELECT_W2_B_1,C0,C0,R,SELECT_W2_B_1
SELECT_W2_B_1,C1,C1,R,SELECT_W2_B_1
SELECT_W2_B_1,A0,A0,R,SELECT_W2_B_1
SELECT_W2_B_1,A1,A1,R,SELECT_W2_B_1
SELECT_W2_B_1,N,N,R,SELECT_W2_B_1
SELECT_W2_B_1,X,X,R,SELECT_W2_B_1
SELECT_W2_B_1,T,T,R,SELECT_W2_B_1
SELECT_W2_B_1,Z,Z,R,SELECT_W2_B_1
SELECT_W2_B_1,hL,hL,R,SELECT_W2_B_1
SELECT_W2_B_1,hb,hb,R,SELECT_W2_B_1
SELECT_W2_B_1,h0,h0,R,SELECT_W2_B_1
SELECT_W2_B_1,h1,h1,R,SELECT_W2_B_1
SELECT_W2_L_0,B,B,R,SELECT_W2_L_0
SELECT_W2_L_0,0,0,R,SELECT_D1_L
SELECT_W2_L_0,1,1,R,SELECT_D1_B
SELECT_W2_L_0,#,#,R,SELECT_W2_L_0
SELECT_W2_L_0,C0,C0,R,SELECT_W2_L_0
SELECT_W2_L_0,C1,C1,R,SELECT_W2_L_0
SELECT_W2_L_0,A0,A0,R,SELECT_W2_L_0
SELECT_W2_L_0,A1,A1,R,SELECT_W2_L_0
SELECT_W2_L_0,N,N,R,SELECT_W2_L_0
SELECT_W2_L_0,X,X,R,SELECT_W2_L_0
SELECT_W2_L_0,T,T,R,SELECT_W2_L_0
SELECT_W2_L_0,Z,Z,R,SELECT_W2_L_0
SELECT_W2_L_0,hL,hL,R,SELECT_W2_L_0
SELECT_W2_L_0,hb,hb,R,SELECT_W2_L_0
SELECT_W2_L_0,h0,h0,R,SELECT_W2_L_0
SELECT_W2_L_0,h1,h1,R,SELECT_W2_L_0
SELECT_W2_L_1,B,B,R,SELECT_W2_L_1
SELECT_W2_L_1,0,0,R,SELECT_D1_0
SELECT_W2_L_1,1,1,R,SELECT_D1_1
SELECT_W2_L_1,#,#,R,SELECT_W2_L_1
SELECT_W2_L_1,C0,C0,R,SELECT_W2_L_1
SELECT_W2_L_1,C1,C1,R,SELECT_W2_L_1
SELECT_W2_L_1,A0,A0,R,SELECT_W2_L_1
SELECT_W2_L_1,A1,A1,R,SELECT_W2_L_1
SELECT_W2_L_1,N,N,R,SELECT_W2_L_1
SELECT_W2_L_1,X,X,R,SELECT_W2_L_1
SELECT_W2_L_1,T,T,R,SELECT_W2_L_1
SELECT_W2_L_1,Z,Z,R,SELECT_W2_L_1
SELECT_W2_L_1,hL,hL,R,SELECT_W2_L_1
SELECT_W2_L_1,hb,hb,R,SELECT_W2_L_1
SELECT_W2_L_1,h0,h0,R,SELECT_W2_L_1
SELECT_W2_L_1,h1,h1,R,SELECT_W2_L_1
SKIP_0_1_D1,B,B,R,SKIP_0_1_D1
SKIP_0_1_D1,0,0,R,SKIP_0_1_D2
SKIP_0_1_D1,1,1,R,SKIP_0_1_D2
SKIP_0_1_D1,#,#,R,SKIP_0_1_D1
SKIP_0_1_D1,C0,C0,R,SKIP_0_1_D1
SKIP_0_1_D1,C1,C1,R,SKIP_0_1_D1
SKIP_0_1_D1,A0,A0,R,SKIP_0_1_D1
SKIP_0_1_D1,A1,A1,R,SKIP_0_1_D1
SKIP_0_1_D1,N,N,R,SKIP_0_1_D1
SKIP_0_1_D1,X,X,R,SKIP_0_1_D1
SKIP_0_1_D1,T,T,R,SKIP_0_1_D1
SKIP_0_1_D1,Z,Z,R,SKIP_0_1_D1
SKIP_0_1_D1,hL,hL,R,SKIP_0_1_D1
SKIP_0_1_D1,hb,hb,R,SKIP_0_1_D1
SKIP_0_1_D1,h0,h0,R,SKIP_0_1_D1
SKIP_0_1_D1,h1,h1,R,SKIP_0_1_D1
SKIP_0_1_D2,B,B,R,SKIP_0_1_D2
SKIP_0_1_D2,0,0,R,SKIP_0_1_NEXT
SKIP_0_1_D2,1,1,R,SKIP_0_1_NEXT
SKIP_0_1_D2,#,#,R,SKIP_0_1_D2
SKIP_0_1_D2,C0,C0,R,SKIP_0_1_D2
SKIP_0_1_D2,C1,C1,R,SKIP_0_1_D2
SKIP_0_1_D2,A0,A0,R,SKIP_0_1_D2
SKIP_0_1_D2,A1,A1,R,SKIP_0_1_D2
SKIP_0_1_D2,N,N,R,SKIP_0_1_D2
SKIP_0_1_D2,X,X,R,SKIP_0_1_D2
SKIP_0_1_D2,T,T,R,SKIP_0_1_D2
SKIP_0_1_D2,Z,Z,R,SKIP_0_1_D2
SKIP_0_1_D2,hL,hL,R,SKIP_0_1_D2
SKIP_0_1_D2,hb,hb,R,SKIP_0_1_D2
SKIP_0_1_D2,h0,h0,R,SKIP_0_1_D2
SKIP_0_1_D2,h1,h1,R,SKIP_0_1_D2
SKIP_0_1_NEXT,B,B,R,SKIP_0_1_NEXT
SKIP_0_1_NEXT,0,0,R,SELECT_W1_0
SKIP_0_1_NEXT,1,1,R,SKIP_0_1_NEXT
SKIP_0_1_NEXT,#,#,R,SKIP_0_1_NEXT
SKIP_0_1_NEXT,C0,C0,R,SKIP_0_1_NEXT
SKIP_0_1_NEXT,C1,C1,R,SKIP_0_1_NEXT
SKIP_0_1_NEXT,A0,A0,R,SKIP_0_1_NEXT
SKIP_0_1_NEXT,A1,A1,R,SKIP_0_1_NEXT
SKIP_0_1_NEXT,N,N,R,SKIP_0_1_NEXT
SKIP_0_1_NEXT,X,X,R,SKIP_0_1_NEXT
SKIP_0_1_NEXT,T,T,R,SKIP_0_1_NEXT
SKIP_0_1_NEXT,Z,Z,R,SKIP_0_1_NEXT
SKIP_0_1_NEXT,hL,hL,R,SKIP_0_1_NEXT
SKIP_0_1_NEXT,hb,hb,R,SKIP_0_1_NEXT
SKIP_0_1_NEXT,h0,h0,R,SKIP_0_1_NEXT
SKIP_0_1_NEXT,h1,h1,R,SKIP_0_1_NEXT
SKIP_0_1_W1,B,B,R,SKIP_0_1_W1
SKIP_0_1_W1,0,0,R,SKIP_0_1_W2
SKIP_0_1_W1,1,1,R,SKIP_0_1_W2
SKIP_0_1_W1,#,#,R,SKIP_0_1_W1
SKIP_0_1_W1,C0,C0,R,SKIP_0_1_W1
SKIP_0_1_W1,C1,C1,R,SKIP_0_1_W1
SKIP_0_1_W1,A0,A0,R,SKIP_0_1_W1
SKIP_0_1_W1,A1,A1,R,SKIP_0_1_W1
SKIP_0_1_W1,N,N,R,SKIP_0_1_W1
SKIP_0_1_W1,X,X,R,SKIP_0_1_W1
SKIP_0_1_W1,T,T,R,SKIP_0_1_W1
SKIP_0_1_W1,Z,Z,R,SKIP_0_1_W1
SKIP_0_1_W1,hL,hL,R,SKIP_0_1_W1
SKIP_0_1_W1,hb,hb,R,SKIP_0_1_W1
SKIP_0_1_W1,h0,h0,R,SKIP_0_1_W1
SKIP_0_1_W1,h1,h1,R,SKIP_0_1_W1
SKIP_0_1_W2,B,B,R,SKIP_0_1_W2
SKIP_0_1_W2,0,0,R,SKIP_0_1_D1
SKIP_0_1_W2,1,1,R,SKIP_0_1_D1
SKIP_0_1_W2,#,#,R,SKIP_0_1_W2
SKIP_0_1_W2,C0,C0,R,SKIP_0_1_W2
SKIP_0_1_W2,C1,C1,R,SKIP_0_1_W2
SKIP_0_1_W2,A0,A0,R,SKIP_0_1_W2
SKIP_0_1_W2,A1,A1,R,SKIP_0_1_W2
SKIP_0_1_W2,N,N,R,SKIP_0_1_W2
SKIP_0_1_W2,X,X,R,SKIP_0_1_W2
SKIP_0_1_W2,T,T,R,SKIP_0_1_W2
SKIP_0_1_W2,Z,Z,R,SKIP_0_1_W2
SKIP_0_1_W2,hL,hL,R,SKIP_0_1_W2
SKIP_0_1_W2,hb,hb,R,SKIP_0_1_W2
SKIP_0_1_W2,h0,h0,R,SKIP_0_1_W2
SKIP_0_1_W2,h1,h1,R,SKIP_0_1_W2
SKIP_0_2_D1,B,B,R,SKIP_0_2_D1
SKIP_0_2_D1,0,0,R,SKIP_0_2_D2
SKIP_0_2_D1,1,1,R,SKIP_0_2_D2
SKIP_0_2_D1,#,#,R,SKIP_0_2_D1
SKIP_0_2_D1,C0,C0,R,SKIP_0_2_D1
SKIP_0_2_D1,C1,C1,R,SKIP_0_2_D1
SKIP_0_2_D1,A0,A0,R,SKIP_0_2_D1
SKIP_0_2_D1,A1,A1,R,SKIP_0_2_D1
SKIP_0_2_D1,N,N,R,SKIP_0_2_D1
SKIP_0_2_D1,X,X,R,SKIP_0_2_D1
SKIP_0_2_D1,T,T,R,SKIP_0_2_D1
SKIP_0_2_D1,Z,Z,R,SKIP_0_2_D1
SKIP_0_2_D1,hL,hL,R,SKIP_0_2_D1
SKIP_0_2_D1,hb,hb,R,SKIP_0_2_D1
SKIP_0_2_D1,h0,h0,R,SKIP_0_2_D1
SKIP_0_2_D1,h1,h1,R,SKIP_0_2_D1
SKIP_0_2_D2,B,B,R,SKIP_0_2_D2
SKIP_0_2_D2,0,0,R,SKIP_0_2_NEXT
SKIP_0_2_D2,1,1,R,SKIP_0_2_NEXT
SKIP_0_2_D2,#,#,R,SKIP_0_2_D2
SKIP_0_2_D2,C0,C0,R,SKIP_0_2_D2
SKIP_0_2_D2,C1,C1,R,SKIP_0_2_D2
SKIP_0_2_D2,A0,A0,R,SKIP_0_2_D2
SKIP_0_2_D2,A1,A1,R,SKIP_0_2_D2
SKIP_0_2_D2,N,N,R,SKIP_0_2_D2
SKIP_0_2_D2,X,X,R,SKIP_0_2_D2
SKIP_0_2_D2,T,T,R,SKIP_0_2_D2
SKIP_0_2_D2,Z,Z,R,SKIP_0_2_D2
SKIP_0_2_D2,hL,hL,R,SKIP_0_2_D2
SKIP_0_2_D2,hb,hb,R,SKIP_0_2_D2
SKIP_0_2_D2,h0,h0,R,SKIP_0_2_D2
SKIP_0_2_D2,h1,h1,R,SKIP_0_2_D2
SKIP_0_2_NEXT,B,B,R,SKIP_0_2_NEXT
SKIP_0_2_NEXT,0,0,R,SKIP_0_1_W1
SKIP_0_2_NEXT,1,1,R,SKIP_0_2_NEXT
SKIP_0_2_NEXT,#,#,R,SKIP_0_2_NEXT
SKIP_0_2_NEXT,C0,C0,R,SKIP_0_2_NEXT
SKIP_0_2_NEXT,C1,C1,R,SKIP_0_2_NEXT
SKIP_0_2_NEXT,A0,A0,R,SKIP_0_2_NEXT
SKIP_0_2_NEXT,A1,A1,R,SKIP_0_2_NEXT
SKIP_0_2_NEXT,N,N,R,SKIP_0_2_NEXT
SKIP_0_2_NEXT,X,X,R,SKIP_0_2_NEXT
SKIP_0_2_NEXT,T,T,R,SKIP_0_2_NEXT
SKIP_0_2_NEXT,Z,Z,R,SKIP_0_2_NEXT
SKIP_0_2_NEXT,hL,hL,R,SKIP_0_2_NEXT
SKIP_0_2_NEXT,hb,hb,R,SKIP_0_2_NEXT
SKIP_0_2_NEXT,h0,h0,R,SKIP_0_2_NEXT
SKIP_0_2_NEXT,h1,h1,R,SKIP_0_2_NEXT
SKIP_0_2_W1,B,B,R,SKIP_0_2_W1
SKIP_0_2_W1,0,0,R,SKIP_0_2_W2
SKIP_0_2_W1,1,1,R,SKIP_0_2_W2
SKIP_0_2_W1,#,#,R,SKIP_0_2_W1
SKIP_0_2_W1,C0,C0,R,SKIP_0_2_W1
SKIP_0_2_W1,C1,C1,R,SKIP_0_2_W1
SKIP_0_2_W1,A0,A0,R,SKIP_0_2_W1
SKIP_0_2_W1,A1,A1,R,SKIP_0_2_W1
SKIP_0_2_W1,N,N,R,SKIP_0_2_W1
SKIP_0_2_W1,X,X,R,SKIP_0_2_W1
SKIP_0_2_W1,T,T,R,SKIP_0_2_W1
SKIP_0_2_W1,Z,Z,R,SKIP_0_2_W1
SKIP_0_2_W1,hL,hL,R,SKIP_0_2_W1
SKIP_0_2_W1,hb,hb,R,SKIP_0_2_W1
SKIP_0_2_W1,h0,h0,R,SKIP_0_2_W1
SKIP_0_2_W1,h1,h1,R,SKIP_0_2_W1
SKIP_0_2_W2,B,B,R,SKIP_0_2_W2
SKIP_0_2_W2,0,0,R,SKIP_0_2_D1
SKIP_0_2_W2,1,1,R,SKIP_0_2_D1
SKIP_0_2_W2,#,#,R,SKIP_0_2_W2
SKIP_0_2_W2,C0,C0,R,SKIP_0_2_W2
SKIP_0_2_W2,C1,C1,R,SKIP_0_2_W2
SKIP_0_2_W2,A0,A0,R,SKIP_0_2_W2
SKIP_0_2_W2,A1,A1,R,SKIP_0_2_W2
SKIP_0_2_W2,N,N,R,SKIP_0_2_W2
SKIP_0_2_W2,X,X,R,SKIP_0_2_W2
SKIP_0_2_W2,T,T,R,SKIP_0_2_W2
SKIP_0_2_W2,Z,Z,R,SKIP_0_2_W2
SKIP_0_2_W2,hL,hL,R,SKIP_0_2_W2
SKIP_0_2_W2,hb,hb,R,SKIP_0_2_W2
SKIP_0_2_W2,h0,h0,R,SKIP_0_2_W2
SKIP_0_2_W2,h1,h1,R,SKIP_0_2_W2
SKIP_1_1_D1,B,B,R,SKIP_1_1_D1
SKIP_1_1_D1,0,0,R,SKIP_1_1_D2
SKIP_1_1_D1,1,1,R,SKIP_1_1_D2
SKIP_1_1_D1,#,#,R,SKIP_1_1_D1
SKIP_1_1_D1,C0,C0,R,SKIP_1_1_D1
SKIP_1_1_D1,C1,C1,R,SKIP_1_1_D1
SKIP_1_1_D1,A0,A0,R,SKIP_1_1_D1
SKIP_1_1_D1,A1,A1,R,SKIP_1_1_D1
SKIP_1_1_D1,N,N,R,SKIP_1_1_D1
SKIP_1_1_D1,X,X,R,SKIP_1_1_D1
SKIP_1_1_D1,T,T,R,SKIP_1_1_D1
SKIP_1_1_D1,Z,Z,R,SKIP_1_1_D1
SKIP_1_1_D1,hL,hL,R,SKIP_1_1_D1
SKIP_1_1_D1,hb,hb,R,SKIP_1_1_D1
SKIP_1_1_D1,h0,h0,R,SKIP_1_1_D1
SKIP_1_1_D1,h1,h1,R,SKIP_1_1_D1
SKIP_1_1_D2,B,B,R,SKIP_1_1_D2
SKIP_1_1_D2,0,0,R,SKIP_1_1_NEXT
SKIP_1_1_D2,1,1,R,SKIP_1_1_NEXT
SKIP_1_1_D2,#,#,R,SKIP_1_1_D2
SKIP_1_1_D2,C0,C0,R,SKIP_1_1_D2
SKIP_1_1_D2,C1,C1,R,SKIP_1_1_D2
SKIP_1_1_D2,A0,A0,R,SKIP_1_1_D2
SKIP_1_1_D2,A1,A1,R,SKIP_1_1_D2
SKIP_1_1_D2,N,N,R,SKIP_1_1_D2
SKIP_1_1_D2,X,X,R,SKIP_1_1_D2
SKIP_1_1_D2,T,T,R,SKIP_1_1_D2
SKIP_1_1_D2,Z,Z,R,SKIP_1_1_D2
SKIP_1_1_D2,hL,hL,R,SKIP_1_1_D2
SKIP_1_1_D2,hb,hb,R,SKIP_1_1_D2
SKIP_1_1_D2,h0,h0,R,SKIP_1_1_D2
SKIP_1_1_D2,h1,h1,R,SKIP_1_1_D2
SKIP_1_1_NEXT,B,B,R,SKIP_1_1_NEXT
SKIP_1_1_NEXT,0,0,R,SELECT_W1_1
SKIP_1_1_NEXT,1,1,R,SKIP_1_1_NEXT
SKIP_1_1_NEXT,#,#,R,SKIP_1_1_NEXT
SKIP_1_1_NEXT,C0,C0,R,SKIP_1_1_NEXT
SKIP_1_1_NEXT,C1,C1,R,SKIP_1_1_NEXT
SKIP_1_1_NEXT,A0,A0,R,SKIP_1_1_NEXT
SKIP_1_1_NEXT,A1,A1,R,SKIP_1_1_NEXT
SKIP_1_1_NEXT,N,N,R,SKIP_1_1_NEXT
SKIP_1_1_NEXT,X,X,R,SKIP_1_1_NEXT
SKIP_1_1_NEXT,T,T,R,SKIP_1_1_NEXT
SKIP_1_1_NEXT,Z,Z,R,SKIP_1_1_NEXT
SKIP_1_1_NEXT,hL,hL,R,SKIP_1_1_NEXT
SKIP_1_1_NEXT,hb,hb,R,SKIP_1_1_NEXT
SKIP_1_1_NEXT,h0,h0,R,SKIP_1_1_NEXT
SKIP_1_1_NEXT,h1,h1,R,SKIP_1_1_NEXT
SKIP_1_1_W1,B,B,R,SKIP_1_1_W1
SKIP_1_1_W1,0,0,R,SKIP_1_1_W2
SKIP_1_1_W1,1,1,R,SKIP_1_1_W2
SKIP_1_1_W1,#,#,R,SKIP_1_1_W1
SKIP_1_1_W1,C0,C0,R,SKIP_1_1_W1
SKIP_1_1_W1,C1,C1,R,SKIP_1_1_W1
SKIP_1_1_W1,A0,A0,R,SKIP_1_1_W1
SKIP_1_1_W1,A1,A1,R,SKIP_1_1_W1
SKIP_1_1_W1,N,N,R,SKIP_1_1_W1
SKIP_1_1_W1,X,X,R,SKIP_1_1_W1
SKIP_1_1_W1,T,T,R,SKIP_1_1_W1
SKIP_1_1_W1,Z,Z,R,SKIP_1_1_W1
SKIP_1_1_W1,hL,hL,R,SKIP_1_1_W1
SKIP_1_1_W1,hb,hb,R,SKIP_1_1_W1
SKIP_1_1_W1,h0,h0,R,SKIP_1_1_W1
SKIP_1_1_W1,h1,h1,R,SKIP_1_1_W1
SKIP_1_1_W2,B,B,R,SKIP_1_1_W2
SKIP_1_1_W2,0,0,R,SKIP_1_1_D1
SKIP_1_1_W2,1,1,R,SKIP_1_1_D1
SKIP_1_1_W2,#,#,R,SKIP_1_1_W2
SKIP_1_1_W2,C0,C0,R,SKIP_1_1_W2
SKIP_1_1_W2,C1,C1,R,SKIP_1_1_W2
SKIP_1_1_W2,A0,A0,R,SKIP_1_1_W2
SKIP_1_1_W2,A1,A1,R,SKIP_1_1_W2
SKIP_1_1_W2,N,N,R,SKIP_1_1_W2
SKIP_1_1_W2,X,X,R,SKIP_1_1_W2
SKIP_1_1_W2,T,T,R,SKIP_1_1_W2
SKIP_1_1_W2,Z,Z,R,SKIP_1_1_W2
SKIP_1_1_W2,hL,hL,R,SKIP_1_1_W2
SKIP_1_1_W2,hb,hb,R,SKIP_1_1_W2
SKIP_1_1_W2,h0,h0,R,SKIP_1_1_W2
SKIP_1_1_W2,h1,h1,R,SKIP_1_1_W2
SKIP_1_2_D1,B,B,R,SKIP_1_2_D1
SKIP_1_2_D1,0,0,R,SKIP_1_2_D2
SKIP_1_2_D1,1,1,R,SKIP_1_2_D2
SKIP_1_2_D1,#,#,R,SKIP_1_2_D1
SKIP_1_2_D1,C0,C0,R,SKIP_1_2_D1
SKIP_1_2_D1,C1,C1,R,SKIP_1_2_D1
SKIP_1_2_D1,A0,A0,R,SKIP_1_2_D1
SKIP_1_2_D1,A1,A1,R,SKIP_1_2_D1
SKIP_1_2_D1,N,N,R,SKIP_1_2_D1
SKIP_1_2_D1,X,X,R,SKIP_1_2_D1
SKIP_1_2_D1,T,T,R,SKIP_1_2_D1
SKIP_1_2_D1,Z,Z,R,SKIP_1_2_D1
SKIP_1_2_D1,hL,hL,R,SKIP_1_2_D1
SKIP_1_2_D1,hb,hb,R,SKIP_1_2_D1
SKIP_1_2_D1,h0,h0,R,SKIP_1_2_D1
SKIP_1_2_D1,h1,h1,R,SKIP_1_2_D1
SKIP_1_2_D2,B,B,R,SKIP_1_2_D2
SKIP_1_2_D2,0,0,R,SKIP_1_2_NEXT
SKIP_1_2_D2,1,1,R,SKIP_1_2_NEXT
SKIP_1_2_D2,#,#,R,SKIP_1_2_D2
SKIP_1_2_D2,C0,C0,R,SKIP_1_2_D2
SKIP_1_2_D2,C1,C1,R,SKIP_1_2_D2
SKIP_1_2_D2,A0,A0,R,SKIP_1_2_D2
SKIP_1_2_D2,A1,A1,R,SKIP_1_2_D2
SKIP_1_2_D2,N,N,R,SKIP_1_2_D2
SKIP_1_2_D2,X,X,R,SKIP_1_2_D2
SKIP_1_2_D2,T,T,R,SKIP_1_2_D2
SKIP_1_2_D2,Z,Z,R,SKIP_1_2_D2
SKIP_1_2_D2,hL,hL,R,SKIP_1_2_D2
SKIP_1_2_D2,hb,hb,R,SKIP_1_2_D2
SKIP_1_2_D2,h0,h0,R,SKIP_1_2_D2
SKIP_1_2_D2,h1,h1,R,SKIP_1_2_D2
SKIP_1_2_NEXT,B,B,R,SKIP_1_2_NEXT
SKIP_1_2_NEXT,0,0,R,SKIP_1_1_W1
SKIP_1_2_NEXT,1,1,R,SKIP_1_2_NEXT
SKIP_1_2_NEXT,#,#,R,SKIP_1_2_NEXT
SKIP_1_2_NEXT,C0,C0,R,SKIP_1_2_NEXT
SKIP_1_2_NEXT,C1,C1,R,SKIP_1_2_NEXT
SKIP_1_2_NEXT,A0,A0,R,SKIP_1_2_NEXT
SKIP_1_2_NEXT,A1,A1,R,SKIP_1_2_NEXT
SKIP_1_2_NEXT,N,N,R,SKIP_1_2_NEXT
SKIP_1_2_NEXT,X,X,R,SKIP_1_2_NEXT
SKIP_1_2_NEXT,T,T,R,SKIP_1_2_NEXT
SKIP_1_2_NEXT,Z,Z,R,SKIP_1_2_NEXT
SKIP_1_2_NEXT,hL,hL,R,SKIP_1_2_NEXT
SKIP_1_2_NEXT,hb,hb,R,SKIP_1_2_NEXT
SKIP_1_2_NEXT,h0,h0,R,SKIP_1_2_NEXT
SKIP_1_2_NEXT,h1,h1,R,SKIP_1_2_NEXT
SKIP_1_2_W1,B,B,R,SKIP_1_2_W1
SKIP_1_2_W1,0,0,R,SKIP_1_2_W2
SKIP_1_2_W1,1,1,R,SKIP_1_2_W2
SKIP_1_2_W1,#,#,R,SKIP_1_2_W1
SKIP_1_2_W1,C0,C0,R,SKIP_1_2_W1
SKIP_1_2_W1,C1,C1,R,SKIP_1_2_W1
SKIP_1_2_W1,A0,A0,R,SKIP_1_2_W1
SKIP_1_2_W1,A1,A1,R,SKIP_1_2_W1
SKIP_1_2_W1,N,N,R,SKIP_1_2_W1
SKIP_1_2_W1,X,X,R,SKIP_1_2_W1
SKIP_1_2_W1,T,T,R,SKIP_1_2_W1
SKIP_1_2_W1,Z,Z,R,SKIP_1_2_W1
SKIP_1_2_W1,hL,hL,R,SKIP_1_2_W1
SKIP_1_2_W1,hb,hb,R,SKIP_1_2_W1
SKIP_1_2_W1,h0,h0,R,SKIP_1_2_W1
SKIP_1_2_W1,h1,h1,R,SKIP_1_2_W1
SKIP_1_2_W2,B,B,R,SKIP_1_2_W2
SKIP_1_2_W2,0,0,R,SKIP_1_2_D1
SKIP_1_2_W2,1,1,R,SKIP_1_2_D1
SKIP_1_2_W2,#,#,R,SKIP_1_2_W2
SKIP_1_2_W2,C0,C0,R,SKIP_1_2_W2
SKIP_1_2_W2,C1,C1,R,SKIP_1_2_W2
SKIP_1_2_W2,A0,A0,R,SKIP_1_2_W2
SKIP_1_2_W2,A1,A1,R,SKIP_1_2_W2
SKIP_1_2_W2,N,N,R,SKIP_1_2_W2
SKIP_1_2_W2,X,X,R,SKIP_1_2_W2
SKIP_1_2_W2,T,T,R,SKIP_1_2_W2
SKIP_1_2_W2,Z,Z,R,SKIP_1_2_W2
SKIP_1_2_W2,hL,hL,R,SKIP_1_2_W2
SKIP_1_2_W2,hb,hb,R,SKIP_1_2_W2
SKIP_1_2_W2,h0,h0,R,SKIP_1_2_W2
SKIP_1_2_W2,h1,h1,R,SKIP_1_2_W2
SKIP_1_3_D1,B,B,R,SKIP_1_3_D1
SKIP_1_3_D1,0,0,R,SKIP_1_3_D2
SKIP_1_3_D1,1,1,R,SKIP_1_3_D2
SKIP_1_3_D1,#,#,R,SKIP_1_3_D1
SKIP_1_3_D1,C0,C0,R,SKIP_1_3_D1
SKIP_1_3_D1,C1,C1,R,SKIP_1_3_D1
SKIP_1_3_D1,A0,A0,R,SKIP_1_3_D1
SKIP_1_3_D1,A1,A1,R,SKIP_1_3_D1
SKIP_1_3_D1,N,N,R,SKIP_1_3_D1
SKIP_1_3_D1,X,X,R,SKIP_1_3_D1
SKIP_1_3_D1,T,T,R,SKIP_1_3_D1
SKIP_1_3_D1,Z,Z,R,SKIP_1_3_D1
SKIP_1_3_D1,hL,hL,R,SKIP_1_3_D1
SKIP_1_3_D1,hb,hb,R,SKIP_1_3_D1
SKIP_1_3_D1,h0,h0,R,SKIP_1_3_D1
SKIP_1_3_D1,h1,h1,R,SKIP_1_3_D1
SKIP_1_3_D2,B,B,R,SKIP_1_3_D2
SKIP_1_3_D2,0,0,R,SKIP_1_3_NEXT
SKIP_1_3_D2,1,1,R,SKIP_1_3_NEXT
SKIP_1_3_D2,#,#,R,SKIP_1_3_D2
SKIP_1_3_D2,C0,C0,R,SKIP_1_3_D2
SKIP_1_3_D2,C1,C1,R,SKIP_1_3_D2
SKIP_1_3_D2,A0,A0,R,SKIP_1_3_D2
SKIP_1_3_D2,A1,A1,R,SKIP_1_3_D2
SKIP_1_3_D2,N,N,R,SKIP_1_3_D2
SKIP_1_3_D2,X,X,R,SKIP_1_3_D2
SKIP_1_3_D2,T,T,R,SKIP_1_3_D2
SKIP_1_3_D2,Z,Z,R,SKIP_1_3_D2
SKIP_1_3_D2,hL,hL,R,SKIP_1_3_D2
SKIP_1_3_D2,hb,hb,R,SKIP_1_3_D2
SKIP_1_3_D2,h0,h0,R,SKIP_1_3_D2
SKIP_1_3_D2,h1,h1,R,SKIP_1_3_D2
SKIP_1_3_NEXT,B,B,R,SKIP_1_3_NEXT
SKIP_1_3_NEXT,0,0,R,SKIP_1_2_W1
SKIP_1_3_NEXT,1,1,R,SKIP_1_3_NEXT
SKIP_1_3_NEXT,#,#,R,SKIP_1_3_NEXT
SKIP_1_3_NEXT,C0,C0,R,SKIP_1_3_NEXT
SKIP_1_3_NEXT,C1,C1,R,SKIP_1_3_NEXT
SKIP_1_3_NEXT,A0,A0,R,SKIP_1_3_NEXT
SKIP_1_3_NEXT,A1,A1,R,SKIP_1_3_NEXT
SKIP_1_3_NEXT,N,N,R,SKIP_1_3_NEXT
SKIP_1_3_NEXT,X,X,R,SKIP_1_3_NEXT
SKIP_1_3_NEXT,T,T,R,SKIP_1_3_NEXT
SKIP_1_3_NEXT,Z,Z,R,SKIP_1_3_NEXT
SKIP_1_3_NEXT,hL,hL,R,SKIP_1_3_NEXT
SKIP_1_3_NEXT,hb,hb,R,SKIP_1_3_NEXT
SKIP_1_3_NEXT,h0,h0,R,SKIP_1_3_NEXT
SKIP_1_3_NEXT,h1,h1,R,SKIP_1_3_NEXT
SKIP_1_3_W1,B,B,R,SKIP_1_3_W1
SKIP_1_3_W1,0,0,R,SKIP_1_3_W2
SKIP_1_3_W1,1,1,R,SKIP_1_3_W2
SKIP_1_3_W1,#,#,R,SKIP_1_3_W1
SKIP_1_3_W1,C0,C0,R,SKIP_1_3_W1
SKIP_1_3_W1,C1,C1,R,SKIP_1_3_W1
SKIP_1_3_W1,A0,A0,R,SKIP_1_3_W1
SKIP_1_3_W1,A1,A1,R,SKIP_1_3_W1
SKIP_1_3_W1,N,N,R,SKIP_1_3_W1
SKIP_1_3_W1,X,X,R,SKIP_1_3_W1
SKIP_1_3_W1,T,T,R,SKIP_1_3_W1
SKIP_1_3_W1,Z,Z,R,SKIP_1_3_W1
SKIP_1_3_W1,hL,hL,R,SKIP_1_3_W1
SKIP_1_3_W1,hb,hb,R,SKIP_1_3_W1
SKIP_1_3_W1,h0,h0,R,SKIP_1_3_W1
SKIP_1_3_W1,h1,h1,R,SKIP_1_3_W1
SKIP_1_3_W2,B,B,R,SKIP_1_3_W2
SKIP_1_3_W2,0,0,R,SKIP_1_3_D1
SKIP_1_3_W2,1,1,R,SKIP_1_3_D1
SKIP_1_3_W2,#,#,R,SKIP_1_3_W2
SKIP_1_3_W2,C0,C0,R,SKIP_1_3_W2
SKIP_1_3_W2,C1,C1,R,SKIP_1_3_W2
SKIP_1_3_W2,A0,A0,R,SKIP_1_3_W2
SKIP_1_3_W2,A1,A1,R,SKIP_1_3_W2
SKIP_1_3_W2,N,N,R,SKIP_1_3_W2
SKIP_1_3_W2,X,X,R,SKIP_1_3_W2
SKIP_1_3_W2,T,T,R,SKIP_1_3_W2
SKIP_1_3_W2,Z,Z,R,SKIP_1_3_W2
SKIP_1_3_W2,hL,hL,R,SKIP_1_3_W2
SKIP_1_3_W2,hb,hb,R,SKIP_1_3_W2
SKIP_1_3_W2,h0,h0,R,SKIP_1_3_W2
SKIP_1_3_W2,h1,h1,R,SKIP_1_3_W2
SKIP_B_1_D1,B,B,R,SKIP_B_1_D1
SKIP_B_1_D1,0,0,R,SKIP_B_1_D2
SKIP_B_1_D1,1,1,R,SKIP_B_1_D2
SKIP_B_1_D1,#,#,R,SKIP_B_1_D1
SKIP_B_1_D1,C0,C0,R,SKIP_B_1_D1
SKIP_B_1_D1,C1,C1,R,SKIP_B_1_D1
SKIP_B_1_D1,A0,A0,R,SKIP_B_1_D1
SKIP_B_1_D1,A1,A1,R,SKIP_B_1_D1
SKIP_B_1_D1,N,N,R,SKIP_B_1_D1
SKIP_B_1_D1,X,X,R,SKIP_B_1_D1
SKIP_B_1_D1,T,T,R,SKIP_B_1_D1
SKIP_B_1_D1,Z,Z,R,SKIP_B_1_D1
SKIP_B_1_D1,hL,hL,R,SKIP_B_1_D1
SKIP_B_1_D1,hb,hb,R,SKIP_B_1_D1
SKIP_B_1_D1,h0,h0,R,SKIP_B_1_D1
SKIP_B_1_D1,h1,h1,R,SKIP_B_1_D1
SKIP_B_1_D2,B,B,R,SKIP_B_1_D2
SKIP_B_1_D2,0,0,R,SKIP_B_1_NEXT
SKIP_B_1_D2,1,1,R,SKIP_B_1_NEXT
SKIP_B_1_D2,#,#,R,SKIP_B_1_D2
SKIP_B_1_D2,C0,C0,R,SKIP_B_1_D2
SKIP_B_1_D2,C1,C1,R,SKIP_B_1_D2
SKIP_B_1_D2,A0,A0,R,SKIP_B_1_D2
SKIP_B_1_D2,A1,A1,R,SKIP_B_1_D2
SKIP_B_1_D2,N,N,R,SKIP_B_1_D2
SKIP_B_1_D2,X,X,R,SKIP_B_1_D2
SKIP_B_1_D2,T,T,R,SKIP_B_1_D2
SKIP_B_1_D2,Z,Z,R,SKIP_B_1_D2
SKIP_B_1_D2,hL,hL,R,SKIP_B_1_D2
SKIP_B_1_D2,hb,hb,R,SKIP_B_1_D2
SKIP_B_1_D2,h0,h0,R,SKIP_B_1_D2
SKIP_B_1_D2,h1,h1,R,SKIP_B_1_D2
SKIP_B_1_NEXT,B,B,R,SKIP_B_1_NEXT
SKIP_B_1_NEXT,0,0,R,SELECT_W1_B
SKIP_B_1_NEXT,1,1,R,SKIP_B_1_NEXT
SKIP_B_1_NEXT,#,#,R,SKIP_B_1_NEXT
SKIP_B_1_NEXT,C0,C0,R,SKIP_B_1_NEXT
SKIP_B_1_NEXT,C1,C1,R,SKIP_B_1_NEXT
SKIP_B_1_NEXT,A0,A0,R,SKIP_B_1_NEXT
SKIP_B_1_NEXT,A1,A1,R,SKIP_B_1_NEXT
SKIP_B_1_NEXT,N,N,R,SKIP_B_1_NEXT
SKIP_B_1_NEXT,X,X,R,SKIP_B_1_NEXT
SKIP_B_1_NEXT,T,T,R,SKIP_B_1_NEXT
SKIP_B_1_NEXT,Z,Z,R,SKIP_B_1_NEXT
SKIP_B_1_NEXT,hL,hL,R,SKIP_B_1_NEXT
SKIP_B_1_NEXT,hb,hb,R,SKIP_B_1_NEXT
SKIP_B_1_NEXT,h0,h0,R,SKIP_B_1_NEXT
SKIP_B_1_NEXT,h1,h1,R,SKIP_B_1_NEXT
SKIP_B_1_W1,B,B,R,SKIP_B_1_W1
SKIP_B_1_W1,0,0,R,SKIP_B_1_W2
SKIP_B_1_W1,1,1,R,SKIP_B_1_W2
SKIP_B_1_W1,#,#,R,SKIP_B_1_W1
SKIP_B_1_W1,C0,C0,R,SKIP_B_1_W1
SKIP_B_1_W1,C1,C1,R,SKIP_B_1_W1
SKIP_B_1_W1,A0,A0,R,SKIP_B_1_W1
SKIP_B_1_W1,A1,A1,R,SKIP_B_1_W1
SKIP_B_1_W1,N,N,R,SKIP_B_1_W1
SKIP_B_1_W1,X,X,R,SKIP_B_1_W1
SKIP_B_1_W1,T,T,R,SKIP_B_1_W1
SKIP_B_1_W1,Z,Z,R,SKIP_B_1_W1
SKIP_B_1_W1,hL,hL,R,SKIP_B_1_W1
SKIP_B_1_W1,hb,hb,R,SKIP_B_1_W1
SKIP_B_1_W1,h0,h0,R,SKIP_B_1_W1
SKIP_B_1_W1,h1,h1,R,SKIP_B_1_W1
SKIP_B_1_W2,B,B,R,SKIP_B_1_W2
SKIP_B_1_W2,0,0,R,SKIP_B_1_D1
SKIP_B_1_W2,1,1,R,SKIP_B_1_D1
SKIP_B_1_W2,#,#,R,SKIP_B_1_W2
SKIP_B_1_W2,C0,C0,R,SKIP_B_1_W2
SKIP_B_1_W2,C1,C1,R,SKIP_B_1_W2
SKIP_B_1_W2,A0,A0,R,SKIP_B_1_W2
SKIP_B_1_W2,A1,A1,R,SKIP_B_1_W2
SKIP_B_1_W2,N,N,R,SKIP_B_1_W2
SKIP_B_1_W2,X,X,R,SKIP_B_1_W2
SKIP_B_1_W2,T,T,R,SKIP_B_1_W2
SKIP_B_1_W2,Z,Z,R,SKIP_B_1_W2
SKIP_B_1_W2,hL,hL,R,SKIP_B_1_W2
SKIP_B_1_W2,hb,hb,R,SKIP_B_1_W2
SKIP_B_1_W2,h0,h0,R,SKIP_B_1_W2
SKIP_B_1_W2,h1,h1,R,SKIP_B_1_W2
START,B,B,R,START
START,0,0,R,START
START,1,1,R,START
START,#,hL,L,INIT_FIND_PROGRAM_LEFT
START,C0,C0,R,START
START,C1,C1,R,START
START,A0,A0,R,START
START,A1,A1,R,START
START,N,N,R,START
START,X,X,R,START
START,T,T,R,START
START,Z,Z,R,START
START,hL,hL,R,START
START,hb,hb,R,START
START,h0,h0,R,START
START,h1,h1,R,START
TARGET_CHECK_MORE,B,B,R,TARGET_CHECK_MORE
TARGET_CHECK_MORE,0,0,R,TARGET_RESTORE_JUMP
TARGET_CHECK_MORE,1,1,R,TARGET_RESTORE_JUMP
TARGET_CHECK_MORE,#,#,R,TARGET_CHECK_MORE
TARGET_CHECK_MORE,C0,C0,R,TARGET_CHECK_MORE
TARGET_CHECK_MORE,C1,C1,R,TARGET_CHECK_MORE
TARGET_CHECK_MORE,A0,A0,R,TARGET_CHECK_MORE
TARGET_CHECK_MORE,A1,A1,R,TARGET_CHECK_MORE
TARGET_CHECK_MORE,N,N,L,TARGET_MORE_TO_LEFT
TARGET_CHECK_MORE,X,X,R,TARGET_CHECK_MORE
TARGET_CHECK_MORE,T,T,R,TARGET_CHECK_MORE
TARGET_CHECK_MORE,Z,Z,R,TARGET_CHECK_MORE
TARGET_CHECK_MORE,hL,hL,R,TARGET_CHECK_MORE
TARGET_CHECK_MORE,hb,hb,R,TARGET_CHECK_MORE
TARGET_CHECK_MORE,h0,h0,R,TARGET_CHECK_MORE
TARGET_CHECK_MORE,h1,h1,R,TARGET_CHECK_MORE
TARGET_CONSUME,B,B,R,TARGET_CONSUME
TARGET_CONSUME,0,0,R,TARGET_CONSUME
TARGET_CONSUME,1,1,R,TARGET_CONSUME
TARGET_CONSUME,#,#,R,TARGET_CONSUME
TARGET_CONSUME,C0,C0,R,TARGET_CONSUME
TARGET_CONSUME,C1,C1,R,TARGET_CONSUME
TARGET_CONSUME,A0,A0,R,TARGET_CONSUME
TARGET_CONSUME,A1,A1,R,TARGET_CONSUME
TARGET_CONSUME,N,X,L,TARGET_CHECK_MORE
TARGET_CONSUME,X,X,L,TARGET_CONSUME
TARGET_CONSUME,T,T,R,TARGET_CONSUME
TARGET_CONSUME,Z,Z,R,TARGET_CONSUME
TARGET_CONSUME,hL,hL,R,TARGET_CONSUME
TARGET_CONSUME,hb,hb,R,TARGET_CONSUME
TARGET_CONSUME,h0,h0,R,TARGET_CONSUME
TARGET_CONSUME,h1,h1,R,TARGET_CONSUME
TARGET_DONE_FIND_A,B,B,R,TARGET_DONE_FIND_A
TARGET_DONE_FIND_A,0,0,R,TARGET_DONE_FIND_A
TARGET_DONE_FIND_A,1,1,R,TARGET_DONE_FIND_A
TARGET_DONE_FIND_A,#,#,R,TARGET_DONE_FIND_A
TARGET_DONE_FIND_A,C0,C0,R,TARGET_DONE_FIND_A
TARGET_DONE_FIND_A,C1,C1,R,TARGET_DONE_FIND_A
TARGET_DONE_FIND_A,A0,C0,R,TARGET_DONE_TO_BOUNDARY
TARGET_DONE_FIND_A,A1,C1,R,TARGET_DONE_TO_BOUNDARY
TARGET_DONE_FIND_A,N,N,R,TARGET_DONE_FIND_A
TARGET_DONE_FIND_A,X,X,R,TARGET_DONE_FIND_A
TARGET_DONE_FIND_A,T,T,R,TARGET_DONE_FIND_A
TARGET_DONE_FIND_A,Z,Z,R,TARGET_DONE_FIND_A
TARGET_DONE_FIND_A,hL,hL,R,TARGET_DONE_FIND_A
TARGET_DONE_FIND_A,hb,hb,R,TARGET_DONE_FIND_A
TARGET_DONE_FIND_A,h0,h0,R,TARGET_DONE_FIND_A
TARGET_DONE_FIND_A,h1,h1,R,TARGET_DONE_FIND_A
TARGET_DONE_TO_BOUNDARY,B,B,R,TARGET_DONE_TO_BOUNDARY
TARGET_DONE_TO_BOUNDARY,0,0,R,TARGET_DONE_TO_BOUNDARY
TARGET_DONE_TO_BOUNDARY,1,1,R,TARGET_DONE_TO_BOUNDARY
TARGET_DONE_TO_BOUNDARY,#,#,R,FETCH_DATA_FIND_HEAD
TARGET_DONE_TO_BOUNDARY,C0,C0,R,TARGET_DONE_TO_BOUNDARY
TARGET_DONE_TO_BOUNDARY,C1,C1,R,TARGET_DONE_TO_BOUNDARY
TARGET_DONE_TO_BOUNDARY,A0,A0,R,TARGET_DONE_TO_BOUNDARY
TARGET_DONE_TO_BOUNDARY,A1,A1,R,TARGET_DONE_TO_BOUNDARY
TARGET_DONE_TO_BOUNDARY,N,N,R,TARGET_DONE_TO_BOUNDARY
TARGET_DONE_TO_BOUNDARY,X,X,R,TARGET_DONE_TO_BOUNDARY
TARGET_DONE_TO_BOUNDARY,T,T,R,TARGET_DONE_TO_BOUNDARY
TARGET_DONE_TO_BOUNDARY,Z,Z,R,TARGET_DONE_TO_BOUNDARY
TARGET_DONE_TO_BOUNDARY,hL,hL,L,FIND_CURRENT_L
TARGET_DONE_TO_BOUNDARY,hb,hb,R,TARGET_DONE_TO_BOUNDARY
TARGET_DONE_TO_BOUNDARY,h0,h0,R,TARGET_DONE_TO_BOUNDARY
TARGET_DONE_TO_BOUNDARY,h1,h1,R,TARGET_DONE_TO_BOUNDARY
TARGET_DONE_TO_LEFT,B,B,R,TARGET_DONE_FIND_A
TARGET_DONE_TO_LEFT,0,0,L,TARGET_DONE_TO_LEFT
TARGET_DONE_TO_LEFT,1,1,L,TARGET_DONE_TO_LEFT
TARGET_DONE_TO_LEFT,#,#,R,TARGET_DONE_TO_LEFT
TARGET_DONE_TO_LEFT,C0,C0,L,TARGET_DONE_TO_LEFT
TARGET_DONE_TO_LEFT,C1,C1,L,TARGET_DONE_TO_LEFT
TARGET_DONE_TO_LEFT,A0,A0,L,TARGET_DONE_TO_LEFT
TARGET_DONE_TO_LEFT,A1,A1,L,TARGET_DONE_TO_LEFT
TARGET_DONE_TO_LEFT,N,N,L,TARGET_DONE_TO_LEFT
TARGET_DONE_TO_LEFT,X,X,L,TARGET_DONE_TO_LEFT
TARGET_DONE_TO_LEFT,T,T,L,TARGET_DONE_TO_LEFT
TARGET_DONE_TO_LEFT,Z,Z,L,TARGET_DONE_TO_LEFT
TARGET_DONE_TO_LEFT,hL,hL,R,TARGET_DONE_TO_LEFT
TARGET_DONE_TO_LEFT,hb,hb,R,TARGET_DONE_TO_LEFT
TARGET_DONE_TO_LEFT,h0,h0,R,TARGET_DONE_TO_LEFT
TARGET_DONE_TO_LEFT,h1,h1,R,TARGET_DONE_TO_LEFT
TARGET_FIND_PROGRAM_LEFT,B,B,R,TARGET_MARK_CANDIDATE
TARGET_FIND_PROGRAM_LEFT,0,0,L,TARGET_FIND_PROGRAM_LEFT
TARGET_FIND_PROGRAM_LEFT,1,1,L,TARGET_FIND_PROGRAM_LEFT
TARGET_FIND_PROGRAM_LEFT,#,#,R,TARGET_FIND_PROGRAM_LEFT
TARGET_FIND_PROGRAM_LEFT,C0,0,L,TARGET_FIND_PROGRAM_LEFT
TARGET_FIND_PROGRAM_LEFT,C1,1,L,TARGET_FIND_PROGRAM_LEFT
TARGET_FIND_PROGRAM_LEFT,A0,A0,L,TARGET_FIND_PROGRAM_LEFT
TARGET_FIND_PROGRAM_LEFT,A1,A1,L,TARGET_FIND_PROGRAM_LEFT
TARGET_FIND_PROGRAM_LEFT,N,N,L,TARGET_FIND_PROGRAM_LEFT
TARGET_FIND_PROGRAM_LEFT,X,X,L,TARGET_FIND_PROGRAM_LEFT
TARGET_FIND_PROGRAM_LEFT,T,T,L,TARGET_FIND_PROGRAM_LEFT
TARGET_FIND_PROGRAM_LEFT,Z,Z,L,TARGET_FIND_PROGRAM_LEFT
TARGET_FIND_PROGRAM_LEFT,hL,hL,R,TARGET_FIND_PROGRAM_LEFT
TARGET_FIND_PROGRAM_LEFT,hb,hb,R,TARGET_FIND_PROGRAM_LEFT
TARGET_FIND_PROGRAM_LEFT,h0,h0,R,TARGET_FIND_PROGRAM_LEFT
TARGET_FIND_PROGRAM_LEFT,h1,h1,R,TARGET_FIND_PROGRAM_LEFT
TARGET_FIND_TERM,B,B,R,TARGET_FIND_TERM
TARGET_FIND_TERM,0,0,L,TARGET_FIND_TERM
TARGET_FIND_TERM,1,1,L,TARGET_FIND_TERM
TARGET_FIND_TERM,#,#,R,TARGET_FIND_TERM
TARGET_FIND_TERM,C0,C0,L,TARGET_FIND_TERM
TARGET_FIND_TERM,C1,C1,L,TARGET_FIND_TERM
TARGET_FIND_TERM,A0,A0,L,TARGET_FIND_TERM
TARGET_FIND_TERM,A1,A1,L,TARGET_FIND_TERM
TARGET_FIND_TERM,N,N,L,TARGET_FIND_TERM
TARGET_FIND_TERM,X,X,L,TARGET_FIND_TERM
TARGET_FIND_TERM,T,T,L,TARGET_CONSUME
TARGET_FIND_TERM,Z,Z,L,TARGET_FIND_TERM
TARGET_FIND_TERM,hL,hL,R,TARGET_FIND_TERM
TARGET_FIND_TERM,hb,hb,R,TARGET_FIND_TERM
TARGET_FIND_TERM,h0,h0,R,TARGET_FIND_TERM
TARGET_FIND_TERM,h1,h1,R,TARGET_FIND_TERM
TARGET_MARK_CANDIDATE,B,B,R,TARGET_MARK_CANDIDATE
TARGET_MARK_CANDIDATE,0,A0,R,TARGET_TO_BOUNDARY
TARGET_MARK_CANDIDATE,1,A1,R,TARGET_TO_BOUNDARY
TARGET_MARK_CANDIDATE,#,#,R,TARGET_MARK_CANDIDATE
TARGET_MARK_CANDIDATE,C0,C0,R,TARGET_MARK_CANDIDATE
TARGET_MARK_CANDIDATE,C1,C1,R,TARGET_MARK_CANDIDATE
TARGET_MARK_CANDIDATE,A0,A0,R,TARGET_MARK_CANDIDATE
TARGET_MARK_CANDIDATE,A1,A1,R,TARGET_MARK_CANDIDATE
TARGET_MARK_CANDIDATE,N,N,R,TARGET_MARK_CANDIDATE
TARGET_MARK_CANDIDATE,X,X,R,TARGET_MARK_CANDIDATE
TARGET_MARK_CANDIDATE,T,T,R,TARGET_MARK_CANDIDATE
TARGET_MARK_CANDIDATE,Z,Z,R,TARGET_MARK_CANDIDATE
TARGET_MARK_CANDIDATE,hL,hL,R,TARGET_MARK_CANDIDATE
TARGET_MARK_CANDIDATE,hb,hb,R,TARGET_MARK_CANDIDATE
TARGET_MARK_CANDIDATE,h0,h0,R,TARGET_MARK_CANDIDATE
TARGET_MARK_CANDIDATE,h1,h1,R,TARGET_MARK_CANDIDATE
TARGET_MARK_NEXT_CANDIDATE,B,B,R,TARGET_MARK_NEXT_CANDIDATE
TARGET_MARK_NEXT_CANDIDATE,0,A0,R,TARGET_TO_BOUNDARY
TARGET_MARK_NEXT_CANDIDATE,1,A1,R,TARGET_TO_BOUNDARY
TARGET_MARK_NEXT_CANDIDATE,#,#,R,TARGET_MARK_NEXT_CANDIDATE
TARGET_MARK_NEXT_CANDIDATE,C0,C0,R,TARGET_MARK_NEXT_CANDIDATE
TARGET_MARK_NEXT_CANDIDATE,C1,C1,R,TARGET_MARK_NEXT_CANDIDATE
TARGET_MARK_NEXT_CANDIDATE,A0,A0,R,TARGET_MARK_NEXT_CANDIDATE
TARGET_MARK_NEXT_CANDIDATE,A1,A1,R,TARGET_MARK_NEXT_CANDIDATE
TARGET_MARK_NEXT_CANDIDATE,N,N,R,TARGET_MARK_NEXT_CANDIDATE
TARGET_MARK_NEXT_CANDIDATE,X,X,R,TARGET_MARK_NEXT_CANDIDATE
TARGET_MARK_NEXT_CANDIDATE,T,T,R,TARGET_MARK_NEXT_CANDIDATE
TARGET_MARK_NEXT_CANDIDATE,Z,Z,R,TARGET_MARK_NEXT_CANDIDATE
TARGET_MARK_NEXT_CANDIDATE,hL,hL,R,TARGET_MARK_NEXT_CANDIDATE
TARGET_MARK_NEXT_CANDIDATE,hb,hb,R,TARGET_MARK_NEXT_CANDIDATE
TARGET_MARK_NEXT_CANDIDATE,h0,h0,R,TARGET_MARK_NEXT_CANDIDATE
TARGET_MARK_NEXT_CANDIDATE,h1,h1,R,TARGET_MARK_NEXT_CANDIDATE
TARGET_MORE_FIND_A,B,B,R,TARGET_MORE_FIND_A
TARGET_MORE_FIND_A,0,0,R,TARGET_MORE_FIND_A
TARGET_MORE_FIND_A,1,1,R,TARGET_MORE_FIND_A
TARGET_MORE_FIND_A,#,#,R,TARGET_MORE_FIND_A
TARGET_MORE_FIND_A,C0,C0,R,TARGET_MORE_FIND_A
TARGET_MORE_FIND_A,C1,C1,R,TARGET_MORE_FIND_A
TARGET_MORE_FIND_A,A0,0,R,ADV_R1_W2
TARGET_MORE_FIND_A,A1,1,R,ADV_R1_W2
TARGET_MORE_FIND_A,N,N,R,TARGET_MORE_FIND_A
TARGET_MORE_FIND_A,X,X,R,TARGET_MORE_FIND_A
TARGET_MORE_FIND_A,T,T,R,TARGET_MORE_FIND_A
TARGET_MORE_FIND_A,Z,Z,R,TARGET_MORE_FIND_A
TARGET_MORE_FIND_A,hL,hL,R,TARGET_MORE_FIND_A
TARGET_MORE_FIND_A,hb,hb,R,TARGET_MORE_FIND_A
TARGET_MORE_FIND_A,h0,h0,R,TARGET_MORE_FIND_A
TARGET_MORE_FIND_A,h1,h1,R,TARGET_MORE_FIND_A
TARGET_MORE_TO_LEFT,B,B,R,TARGET_MORE_FIND_A
TARGET_MORE_TO_LEFT,0,0,L,TARGET_MORE_TO_LEFT
TARGET_MORE_TO_LEFT,1,1,L,TARGET_MORE_TO_LEFT
TARGET_MORE_TO_LEFT,#,#,R,TARGET_MORE_TO_LEFT
TARGET_MORE_TO_LEFT,C0,C0,L,TARGET_MORE_TO_LEFT
TARGET_MORE_TO_LEFT,C1,C1,L,TARGET_MORE_TO_LEFT
TARGET_MORE_TO_LEFT,A0,A0,L,TARGET_MORE_TO_LEFT
TARGET_MORE_TO_LEFT,A1,A1,L,TARGET_MORE_TO_LEFT
TARGET_MORE_TO_LEFT,N,N,L,TARGET_MORE_TO_LEFT
TARGET_MORE_TO_LEFT,X,X,L,TARGET_MORE_TO_LEFT
TARGET_MORE_TO_LEFT,T,T,L,TARGET_MORE_TO_LEFT
TARGET_MORE_TO_LEFT,Z,Z,L,TARGET_MORE_TO_LEFT
TARGET_MORE_TO_LEFT,hL,hL,R,TARGET_MORE_TO_LEFT
TARGET_MORE_TO_LEFT,hb,hb,R,TARGET_MORE_TO_LEFT
TARGET_MORE_TO_LEFT,h0,h0,R,TARGET_MORE_TO_LEFT
TARGET_MORE_TO_LEFT,h1,h1,R,TARGET_MORE_TO_LEFT
TARGET_RESTORE_JUMP,B,B,R,TARGET_RESTORE_JUMP
TARGET_RESTORE_JUMP,0,0,R,TARGET_RESTORE_JUMP
TARGET_RESTORE_JUMP,1,1,R,TARGET_RESTORE_JUMP
TARGET_RESTORE_JUMP,#,#,R,TARGET_RESTORE_JUMP
TARGET_RESTORE_JUMP,C0,C0,R,TARGET_RESTORE_JUMP
TARGET_RESTORE_JUMP,C1,C1,R,TARGET_RESTORE_JUMP
TARGET_RESTORE_JUMP,A0,A0,R,TARGET_RESTORE_JUMP
TARGET_RESTORE_JUMP,A1,A1,R,TARGET_RESTORE_JUMP
TARGET_RESTORE_JUMP,N,N,R,TARGET_RESTORE_JUMP
TARGET_RESTORE_JUMP,X,1,R,TARGET_RESTORE_JUMP
TARGET_RESTORE_JUMP,T,0,L,TARGET_DONE_TO_LEFT
TARGET_RESTORE_JUMP,Z,Z,R,TARGET_RESTORE_JUMP
TARGET_RESTORE_JUMP,hL,hL,R,TARGET_RESTORE_JUMP
TARGET_RESTORE_JUMP,hb,hb,R,TARGET_RESTORE_JUMP
TARGET_RESTORE_JUMP,h0,h0,R,TARGET_RESTORE_JUMP
TARGET_RESTORE_JUMP,h1,h1,R,TARGET_RESTORE_JUMP
TARGET_TO_BOUNDARY,B,B,R,TARGET_TO_BOUNDARY
TARGET_TO_BOUNDARY,0,0,R,TARGET_TO_BOUNDARY
TARGET_TO_BOUNDARY,1,1,R,TARGET_TO_BOUNDARY
TARGET_TO_BOUNDARY,#,#,L,TARGET_FIND_TERM
TARGET_TO_BOUNDARY,C0,C0,R,TARGET_TO_BOUNDARY
TARGET_TO_BOUNDARY,C1,C1,R,TARGET_TO_BOUNDARY
TARGET_TO_BOUNDARY,A0,A0,R,TARGET_TO_BOUNDARY
TARGET_TO_BOUNDARY,A1,A1,R,TARGET_TO_BOUNDARY
TARGET_TO_BOUNDARY,N,N,R,TARGET_TO_BOUNDARY
TARGET_TO_BOUNDARY,X,X,R,TARGET_TO_BOUNDARY
TARGET_TO_BOUNDARY,T,T,R,TARGET_TO_BOUNDARY
TARGET_TO_BOUNDARY,Z,Z,R,TARGET_TO_BOUNDARY
TARGET_TO_BOUNDARY,hL,hL,L,TARGET_FIND_TERM
TARGET_TO_BOUNDARY,hb,hb,R,TARGET_TO_BOUNDARY
TARGET_TO_BOUNDARY,h0,h0,R,TARGET_TO_BOUNDARY
TARGET_TO_BOUNDARY,h1,h1,R,TARGET_TO_BOUNDARY
UPDATE_BACK_HASH_DATA,B,B,L,UPDATE_BACK_HASH_DATA
UPDATE_BACK_HASH_DATA,0,0,L,UPDATE_BACK_HASH_DATA
UPDATE_BACK_HASH_DATA,1,1,L,UPDATE_BACK_HASH_DATA
UPDATE_BACK_HASH_DATA,#,#,L,RESOLVE_NEXT
UPDATE_BACK_HASH_DATA,C0,C0,R,UPDATE_BACK_HASH_DATA
UPDATE_BACK_HASH_DATA,C1,C1,R,UPDATE_BACK_HASH_DATA
UPDATE_BACK_HASH_DATA,A0,A0,R,UPDATE_BACK_HASH_DATA
UPDATE_BACK_HASH_DATA,A1,A1,R,UPDATE_BACK_HASH_DATA
UPDATE_BACK_HASH_DATA,N,N,R,UPDATE_BACK_HASH_DATA
UPDATE_BACK_HASH_DATA,X,X,R,UPDATE_BACK_HASH_DATA
UPDATE_BACK_HASH_DATA,T,T,R,UPDATE_BACK_HASH_DATA
UPDATE_BACK_HASH_DATA,Z,Z,R,UPDATE_BACK_HASH_DATA
UPDATE_BACK_HASH_DATA,hL,hL,R,UPDATE_BACK_HASH_DATA
UPDATE_BACK_HASH_DATA,hb,hb,R,UPDATE_BACK_HASH_DATA
UPDATE_BACK_HASH_DATA,h0,h0,R,UPDATE_BACK_HASH_DATA
UPDATE_BACK_HASH_DATA,h1,h1,R,UPDATE_BACK_HASH_DATA
UPDATE_FIND_0_L,B,B,R,UPDATE_FIND_0_L
UPDATE_FIND_0_L,0,0,R,UPDATE_FIND_0_L
UPDATE_FIND_0_L,1,1,R,UPDATE_FIND_0_L
UPDATE_FIND_0_L,#,#,R,UPDATE_FIND_0_L
UPDATE_FIND_0_L,C0,C0,R,UPDATE_FIND_0_L
UPDATE_FIND_0_L,C1,C1,R,UPDATE_FIND_0_L
UPDATE_FIND_0_L,A0,A0,R,UPDATE_FIND_0_L
UPDATE_FIND_0_L,A1,A1,R,UPDATE_FIND_0_L
UPDATE_FIND_0_L,N,N,R,UPDATE_FIND_0_L
UPDATE_FIND_0_L,X,X,R,UPDATE_FIND_0_L
UPDATE_FIND_0_L,T,T,R,UPDATE_FIND_0_L
UPDATE_FIND_0_L,Z,Z,R,UPDATE_FIND_0_L
UPDATE_FIND_0_L,hL,hL,R,UPDATE_FIND_0_L
UPDATE_FIND_0_L,hb,0,L,MARK_LEFT_HEAD
UPDATE_FIND_0_L,h0,0,L,MARK_LEFT_HEAD
UPDATE_FIND_0_L,h1,0,L,MARK_LEFT_HEAD
UPDATE_FIND_0_R,B,B,R,UPDATE_FIND_0_R
UPDATE_FIND_0_R,0,0,R,UPDATE_FIND_0_R
UPDATE_FIND_0_R,1,1,R,UPDATE_FIND_0_R
UPDATE_FIND_0_R,#,#,R,UPDATE_FIND_0_R
UPDATE_FIND_0_R,C0,C0,R,UPDATE_FIND_0_R
UPDATE_FIND_0_R,C1,C1,R,UPDATE_FIND_0_R
UPDATE_FIND_0_R,A0,A0,R,UPDATE_FIND_0_R
UPDATE_FIND_0_R,A1,A1,R,UPDATE_FIND_0_R
UPDATE_FIND_0_R,N,N,R,UPDATE_FIND_0_R
UPDATE_FIND_0_R,X,X,R,UPDATE_FIND_0_R
UPDATE_FIND_0_R,T,T,R,UPDATE_FIND_0_R
UPDATE_FIND_0_R,Z,Z,R,UPDATE_FIND_0_R
UPDATE_FIND_0_R,hL,hL,R,UPDATE_FIND_0_R
UPDATE_FIND_0_R,hb,0,R,MARK_RIGHT_HEAD
UPDATE_FIND_0_R,h0,0,R,MARK_RIGHT_HEAD
UPDATE_FIND_0_R,h1,0,R,MARK_RIGHT_HEAD
UPDATE_FIND_0_S,B,B,R,UPDATE_FIND_0_S
UPDATE_FIND_0_S,0,0,R,UPDATE_FIND_0_S
UPDATE_FIND_0_S,1,1,R,UPDATE_FIND_0_S
UPDATE_FIND_0_S,#,#,R,UPDATE_FIND_0_S
UPDATE_FIND_0_S,C0,C0,R,UPDATE_FIND_0_S
UPDATE_FIND_0_S,C1,C1,R,UPDATE_FIND_0_S
UPDATE_FIND_0_S,A0,A0,R,UPDATE_FIND_0_S
UPDATE_FIND_0_S,A1,A1,R,UPDATE_FIND_0_S
UPDATE_FIND_0_S,N,N,R,UPDATE_FIND_0_S
UPDATE_FIND_0_S,X,X,R,UPDATE_FIND_0_S
UPDATE_FIND_0_S,T,T,R,UPDATE_FIND_0_S
UPDATE_FIND_0_S,Z,Z,R,UPDATE_FIND_0_S
UPDATE_FIND_0_S,hL,hL,R,UPDATE_FIND_0_S
UPDATE_FIND_0_S,hb,h0,L,UPDATE_BACK_HASH_DATA
UPDATE_FIND_0_S,h0,h0,L,UPDATE_BACK_HASH_DATA
UPDATE_FIND_0_S,h1,h0,L,UPDATE_BACK_HASH_DATA
UPDATE_FIND_1_L,B,B,R,UPDATE_FIND_1_L
UPDATE_FIND_1_L,0,0,R,UPDATE_FIND_1_L
UPDATE_FIND_1_L,1,1,R,UPDATE_FIND_1_L
UPDATE_FIND_1_L,#,#,R,UPDATE_FIND_1_L
UPDATE_FIND_1_L,C0,C0,R,UPDATE_FIND_1_L
UPDATE_FIND_1_L,C1,C1,R,UPDATE_FIND_1_L
UPDATE_FIND_1_L,A0,A0,R,UPDATE_FIND_1_L
UPDATE_FIND_1_L,A1,A1,R,UPDATE_FIND_1_L
UPDATE_FIND_1_L,N,N,R,UPDATE_FIND_1_L
UPDATE_FIND_1_L,X,X,R,UPDATE_FIND_1_L
UPDATE_FIND_1_L,T,T,R,UPDATE_FIND_1_L
UPDATE_FIND_1_L,Z,Z,R,UPDATE_FIND_1_L
UPDATE_FIND_1_L,hL,hL,R,UPDATE_FIND_1_L
UPDATE_FIND_1_L,hb,1,L,MARK_LEFT_HEAD
UPDATE_FIND_1_L,h0,1,L,MARK_LEFT_HEAD
UPDATE_FIND_1_L,h1,1,L,MARK_LEFT_HEAD
UPDATE_FIND_1_R,B,B,R,UPDATE_FIND_1_R
UPDATE_FIND_1_R,0,0,R,UPDATE_FIND_1_R
UPDATE_FIND_1_R,1,1,R,UPDATE_FIND_1_R
UPDATE_FIND_1_R,#,#,R,UPDATE_FIND_1_R
UPDATE_FIND_1_R,C0,C0,R,UPDATE_FIND_1_R
UPDATE_FIND_1_R,C1,C1,R,UPDATE_FIND_1_R
UPDATE_FIND_1_R,A0,A0,R,UPDATE_FIND_1_R
UPDATE_FIND_1_R,A1,A1,R,UPDATE_FIND_1_R
UPDATE_FIND_1_R,N,N,R,UPDATE_FIND_1_R
UPDATE_FIND_1_R,X,X,R,UPDATE_FIND_1_R
UPDATE_FIND_1_R,T,T,R,UPDATE_FIND_1_R
UPDATE_FIND_1_R,Z,Z,R,UPDATE_FIND_1_R
UPDATE_FIND_1_R,hL,hL,R,UPDATE_FIND_1_R
UPDATE_FIND_1_R,hb,1,R,MARK_RIGHT_HEAD
UPDATE_FIND_1_R,h0,1,R,MARK_RIGHT_HEAD
UPDATE_FIND_1_R,h1,1,R,MARK_RIGHT_HEAD
UPDATE_FIND_1_S,B,B,R,UPDATE_FIND_1_S
UPDATE_FIND_1_S,0,0,R,UPDATE_FIND_1_S
UPDATE_FIND_1_S,1,1,R,UPDATE_FIND_1_S
UPDATE_FIND_1_S,#,#,R,UPDATE_FIND_1_S
UPDATE_FIND_1_S,C0,C0,R,UPDATE_FIND_1_S
UPDATE_FIND_1_S,C1,C1,R,UPDATE_FIND_1_S
UPDATE_FIND_1_S,A0,A0,R,UPDATE_FIND_1_S
UPDATE_FIND_1_S,A1,A1,R,UPDATE_FIND_1_S
UPDATE_FIND_1_S,N,N,R,UPDATE_FIND_1_S
UPDATE_FIND_1_S,X,X,R,UPDATE_FIND_1_S
UPDATE_FIND_1_S,T,T,R,UPDATE_FIND_1_S
UPDATE_FIND_1_S,Z,Z,R,UPDATE_FIND_1_S
UPDATE_FIND_1_S,hL,hL,R,UPDATE_FIND_1_S
UPDATE_FIND_1_S,hb,h1,L,UPDATE_BACK_HASH_DATA
UPDATE_FIND_1_S,h0,h1,L,UPDATE_BACK_HASH_DATA
UPDATE_FIND_1_S,h1,h1,L,UPDATE_BACK_HASH_DATA
UPDATE_FIND_B_L,B,B,R,UPDATE_FIND_B_L
UPDATE_FIND_B_L,0,0,R,UPDATE_FIND_B_L
UPDATE_FIND_B_L,1,1,R,UPDATE_FIND_B_L
UPDATE_FIND_B_L,#,#,R,UPDATE_FIND_B_L
UPDATE_FIND_B_L,C0,C0,R,UPDATE_FIND_B_L
UPDATE_FIND_B_L,C1,C1,R,UPDATE_FIND_B_L
UPDATE_FIND_B_L,A0,A0,R,UPDATE_FIND_B_L
UPDATE_FIND_B_L,A1,A1,R,UPDATE_FIND_B_L
UPDATE_FIND_B_L,N,N,R,UPDATE_FIND_B_L
UPDATE_FIND_B_L,X,X,R,UPDATE_FIND_B_L
UPDATE_FIND_B_L,T,T,R,UPDATE_FIND_B_L
UPDATE_FIND_B_L,Z,Z,R,UPDATE_FIND_B_L
UPDATE_FIND_B_L,hL,hL,R,UPDATE_FIND_B_L
UPDATE_FIND_B_L,hb,B,L,MARK_LEFT_HEAD
UPDATE_FIND_B_L,h0,B,L,MARK_LEFT_HEAD
UPDATE_FIND_B_L,h1,B,L,MARK_LEFT_HEAD
UPDATE_FIND_B_R,B,B,R,UPDATE_FIND_B_R
UPDATE_FIND_B_R,0,0,R,UPDATE_FIND_B_R
UPDATE_FIND_B_R,1,1,R,UPDATE_FIND_B_R
UPDATE_FIND_B_R,#,#,R,UPDATE_FIND_B_R
UPDATE_FIND_B_R,C0,C0,R,UPDATE_FIND_B_R
UPDATE_FIND_B_R,C1,C1,R,UPDATE_FIND_B_R
UPDATE_FIND_B_R,A0,A0,R,UPDATE_FIND_B_R
UPDATE_FIND_B_R,A1,A1,R,UPDATE_FIND_B_R
UPDATE_FIND_B_R,N,N,R,UPDATE_FIND_B_R
UPDATE_FIND_B_R,X,X,R,UPDATE_FIND_B_R
UPDATE_FIND_B_R,T,T,R,UPDATE_FIND_B_R
UPDATE_FIND_B_R,Z,Z,R,UPDATE_FIND_B_R
UPDATE_FIND_B_R,hL,hL,R,UPDATE_FIND_B_R
UPDATE_FIND_B_R,hb,B,R,MARK_RIGHT_HEAD
UPDATE_FIND_B_R,h0,B,R,MARK_RIGHT_HEAD
UPDATE_FIND_B_R,h1,B,R,MARK_RIGHT_HEAD
UPDATE_FIND_B_S,B,B,R,UPDATE_FIND_B_S
UPDATE_FIND_B_S,0,0,R,UPDATE_FIND_B_S
UPDATE_FIND_B_S,1,1,R,UPDATE_FIND_B_S
UPDATE_FIND_B_S,#,#,R,UPDATE_FIND_B_S
UPDATE_FIND_B_S,C0,C0,R,UPDATE_FIND_B_S
UPDATE_FIND_B_S,C1,C1,R,UPDATE_FIND_B_S
UPDATE_FIND_B_S,A0,A0,R,UPDATE_FIND_B_S
UPDATE_FIND_B_S,A1,A1,R,UPDATE_FIND_B_S
UPDATE_FIND_B_S,N,N,R,UPDATE_FIND_B_S
UPDATE_FIND_B_S,X,X,R,UPDATE_FIND_B_S
UPDATE_FIND_B_S,T,T,R,UPDATE_FIND_B_S
UPDATE_FIND_B_S,Z,Z,R,UPDATE_FIND_B_S
UPDATE_FIND_B_S,hL,hL,R,UPDATE_FIND_B_S
UPDATE_FIND_B_S,hb,hb,L,UPDATE_BACK_HASH_DATA
UPDATE_FIND_B_S,h0,hb,L,UPDATE_BACK_HASH_DATA
UPDATE_FIND_B_S,h1,hb,L,UPDATE_BACK_HASH_DATA
